M0_AMAN_Update	INV	INITIALISATION/inv0,1/INV	derived	no-sequent	pinned-bpo-omits-plain-type-invariant
M0_AMAN_Update	INV	AMAN_Update/inv0,1/INV	derived	no-sequent	pinned-bpo-omits-plain-type-invariant
M1_Landing_Sequence	GRD	AMAN_Update/grd0,1/GRD	derived	no-sequent	pinned-bpo-omits-refinement-guard-sequent
M1_Landing_Sequence	WFIS	AMAN_Update/newScheduledAirplanes/WFIS	derived	no-sequent	pinned-bpo-omits-witness-feasibility-sequent
M5_AMAN_Timeout	INV	INITIALISATION/inv5,1/INV	derived	no-sequent	pinned-bpo-omits-plain-type-invariant
M5_AMAN_Timeout	INV	AMAN_Update/inv5,1/INV	derived	no-sequent	pinned-bpo-omits-plain-type-invariant
M5_AMAN_Timeout	INV	AMAN_Timeout/inv5,1/INV	derived	no-sequent	pinned-bpo-omits-plain-type-invariant
M7_Interaction_Pauses_Updates	INV	INITIALISATION/dragging_airplane_type/INV	derived	no-sequent	pinned-bpo-omits-plain-type-invariant
M7_Interaction_Pauses_Updates	INV	Move_Aircraft/dragging_airplane_type/INV	derived	no-sequent	pinned-bpo-omits-plain-type-invariant
M7_Interaction_Pauses_Updates	INV	selectAirplane/dragging_airplane_type/INV	derived	no-sequent	pinned-bpo-omits-plain-type-invariant
M7_Interaction_Pauses_Updates	INV	resume_dragging_airplane/dragging_airplane_type/INV	derived	no-sequent	pinned-bpo-omits-plain-type-invariant
M7_Interaction_Pauses_Updates	INV	stop_dragging_airplane/dragging_airplane_type/INV	derived	no-sequent	pinned-bpo-omits-plain-type-invariant
M8_Interaction_Events	SIM	INITIALISATION/act1,1/SIM	derived	no-sequent	pinned-bpo-omits-refinement-action-sequent
M8_Interaction_Events	SIM	INITIALISATION/act2,1/SIM	derived	no-sequent	pinned-bpo-omits-refinement-action-sequent
M8_Interaction_Events	SIM	INITIALISATION/act3,1/SIM	derived	no-sequent	pinned-bpo-omits-refinement-action-sequent
M8_Interaction_Events	SIM	INITIALISATION/act6,1/SIM	derived	no-sequent	pinned-bpo-omits-refinement-action-sequent
M8_Interaction_Events	SIM	INITIALISATION/act5,1/SIM	derived	no-sequent	pinned-bpo-omits-refinement-action-sequent
M8_Interaction_Events	SIM	INITIALISATION/act7,1/SIM	derived	no-sequent	pinned-bpo-omits-refinement-action-sequent
M8_Interaction_Events	SIM	AMAN_Update/act1,1/SIM	derived	no-sequent	pinned-bpo-omits-refinement-action-sequent
M8_Interaction_Events	SIM	AMAN_Update/act2,1/SIM	derived	no-sequent	pinned-bpo-omits-refinement-action-sequent
M8_Interaction_Events	SIM	AMAN_Update/act3,1/SIM	derived	no-sequent	pinned-bpo-omits-refinement-action-sequent
M8_Interaction_Events	SIM	AMAN_Update/act5,1/SIM	derived	no-sequent	pinned-bpo-omits-refinement-action-sequent
M8_Interaction_Events	SIM	AMAN_Update/act7,1/SIM	derived	no-sequent	pinned-bpo-omits-refinement-action-sequent
M8_Interaction_Events	WD	AMAN_Update/inv1,2/WD	derived	no-sequent	pinned-bpo-omits-definedness-sequent
M8_Interaction_Events	SIM	AMAN_Timeout/act5,1/SIM	derived	no-sequent	pinned-bpo-omits-refinement-action-sequent
M8_Interaction_Events	SIM	AMAN_Timeout/act7,1/SIM	derived	no-sequent	pinned-bpo-omits-refinement-action-sequent
M8_Interaction_Events	SIM	Move_Aircraft/act1,1/SIM	derived	no-sequent	pinned-bpo-omits-refinement-action-sequent
M8_Interaction_Events	SIM	Hold_Button/act2,1/SIM	derived	no-sequent	pinned-bpo-omits-refinement-action-sequent
M8_Interaction_Events	SIM	Hold_Button/act6,1/SIM	derived	no-sequent	pinned-bpo-omits-refinement-action-sequent
M8_Interaction_Events	WD	Hold_Button/grd6,1/WD	derived	no-sequent	pinned-bpo-omits-definedness-sequent
M8_Interaction_Events	SIM	changeZoom/act6,1/SIM	derived	no-sequent	pinned-bpo-omits-refinement-action-sequent
M8_Interaction_Events	SIM	changeZoom/selectedAirplane/SIM	derived	no-sequent	pinned-bpo-omits-refinement-action-sequent
M8_Interaction_Events	SIM	selectAirplane/act6,1/SIM	derived	no-sequent	pinned-bpo-omits-refinement-action-sequent
M8_Interaction_Events	SIM	deselectAirplane/act6,1/SIM	derived	no-sequent	pinned-bpo-omits-refinement-action-sequent
M9_Push_Mouse_Buttons	INV	INITIALISATION/is_mouse_pressed/INV	derived	no-sequent	pinned-bpo-omits-plain-type-invariant
M9_Push_Mouse_Buttons	INV	INITIALISATION/current_mouse_selection/INV	derived	no-sequent	pinned-bpo-omits-plain-type-invariant
M9_Push_Mouse_Buttons	INV	Move_Mouse_Hold/current_mouse_selection/INV	derived	no-sequent	pinned-bpo-omits-plain-type-invariant
M9_Push_Mouse_Buttons	INV	Move_Mouse_Zoom_Zooming/current_mouse_selection/INV	derived	no-sequent	pinned-bpo-omits-plain-type-invariant
M9_Push_Mouse_Buttons	INV	Move_Mouse_Zoom_Not_Zooming/current_mouse_selection/INV	derived	no-sequent	pinned-bpo-omits-plain-type-invariant
M9_Push_Mouse_Buttons	INV	Move_Mouse_Block/current_mouse_selection/INV	derived	no-sequent	pinned-bpo-omits-plain-type-invariant
M9_Push_Mouse_Buttons	INV	Move_Mouse_Airplane/current_mouse_selection/INV	derived	no-sequent	pinned-bpo-omits-plain-type-invariant
M9_Push_Mouse_Buttons	INV	Move_Mouse_Nothing/current_mouse_selection/INV	derived	no-sequent	pinned-bpo-omits-plain-type-invariant
M9_Push_Mouse_Buttons	INV	AMAN_Update_mouse_to_nothing/current_mouse_selection/INV	derived	no-sequent	pinned-bpo-omits-plain-type-invariant
M9_Push_Mouse_Buttons	INV	AMAN_Update_mouse_to_airplane/current_mouse_selection/INV	derived	no-sequent	pinned-bpo-omits-plain-type-invariant
M9_Push_Mouse_Buttons	INV	Move_Aircraft/is_mouse_pressed/INV	derived	no-sequent	pinned-bpo-omits-plain-type-invariant
M9_Push_Mouse_Buttons	INV	Click_Hold_Button/is_mouse_pressed/INV	derived	no-sequent	pinned-bpo-omits-plain-type-invariant
M9_Push_Mouse_Buttons	INV	Release_Trigger_Hold_Button/is_mouse_pressed/INV	derived	no-sequent	pinned-bpo-omits-plain-type-invariant
M9_Push_Mouse_Buttons	INV	Release_Abort_Hold_Button/is_mouse_pressed/INV	derived	no-sequent	pinned-bpo-omits-plain-type-invariant
M9_Push_Mouse_Buttons	INV	Click_Block_Time/is_mouse_pressed/INV	derived	no-sequent	pinned-bpo-omits-plain-type-invariant
M9_Push_Mouse_Buttons	INV	Release_Trigger_Block_Time/is_mouse_pressed/INV	derived	no-sequent	pinned-bpo-omits-plain-type-invariant
M9_Push_Mouse_Buttons	INV	Release_Abort_Time_Button/is_mouse_pressed/INV	derived	no-sequent	pinned-bpo-omits-plain-type-invariant
M9_Push_Mouse_Buttons	INV	Release_Trigger_Deblock_Time/is_mouse_pressed/INV	derived	no-sequent	pinned-bpo-omits-plain-type-invariant
M9_Push_Mouse_Buttons	INV	changeZoom/is_mouse_pressed/INV	derived	no-sequent	pinned-bpo-omits-plain-type-invariant
M9_Push_Mouse_Buttons	INV	selectAirplane/is_mouse_pressed/INV	derived	no-sequent	pinned-bpo-omits-plain-type-invariant
M9_Push_Mouse_Buttons	INV	resume_dragging_airplane/is_mouse_pressed/INV	derived	no-sequent	pinned-bpo-omits-plain-type-invariant
M9_Push_Mouse_Buttons	INV	stop_dragging_airplane/is_mouse_pressed/INV	derived	no-sequent	pinned-bpo-omits-plain-type-invariant
M9_Push_Mouse_Buttons	INV	start_dragging_zoom_slider/is_mouse_pressed/INV	derived	no-sequent	pinned-bpo-omits-plain-type-invariant
MAbs	INV	INITIALISATION/is_mouse_pressed/INV	derived	no-sequent	pinned-bpo-omits-plain-type-invariant
MAbs	INV	INITIALISATION/inv3,1/INV	derived	no-sequent	pinned-bpo-omits-plain-type-invariant
MAbs	INV	INITIALISATION/inv0,1/INV	derived	no-sequent	pinned-bpo-omits-plain-type-invariant
MAbs	INV	INITIALISATION/inv5,1/INV	derived	no-sequent	pinned-bpo-omits-plain-type-invariant
MAbs	INV	INITIALISATION/current_mouse_selection/INV	derived	no-sequent	pinned-bpo-omits-plain-type-invariant
MAbs	INV	INITIALISATION/ABS_blocked/INV	derived	no-sequent	pinned-bpo-omits-plain-type-invariant
MAbs	INV	INITIALISATION/block_slot_position/INV	derived	no-sequent	pinned-bpo-omits-plain-type-invariant
MAbs	INV	Move_Mouse_Hold/current_mouse_selection/INV	derived	no-sequent	pinned-bpo-omits-plain-type-invariant
MAbs	INV	Move_Mouse_Hold/block_slot_position/INV	derived	no-sequent	pinned-bpo-omits-plain-type-invariant
MAbs	INV	Move_Mouse_Zoom_Zooming_1/current_mouse_selection/INV	derived	no-sequent	pinned-bpo-omits-plain-type-invariant
MAbs	INV	Move_Mouse_Zoom_Zooming_1/block_slot_position/INV	derived	no-sequent	pinned-bpo-omits-plain-type-invariant
MAbs	INV	Move_Mouse_Zoom_Not_Zooming/current_mouse_selection/INV	derived	no-sequent	pinned-bpo-omits-plain-type-invariant
MAbs	INV	Move_Mouse_Zoom_Not_Zooming/block_slot_position/INV	derived	no-sequent	pinned-bpo-omits-plain-type-invariant
MAbs	INV	Move_Mouse_Block/current_mouse_selection/INV	derived	no-sequent	pinned-bpo-omits-plain-type-invariant
MAbs	INV	Move_Mouse_Block/block_slot_position/INV	derived	no-sequent	pinned-bpo-omits-plain-type-invariant
MAbs	INV	Move_Mouse_Airplane/current_mouse_selection/INV	derived	no-sequent	pinned-bpo-omits-plain-type-invariant
MAbs	INV	Move_Mouse_Airplane/block_slot_position/INV	derived	no-sequent	pinned-bpo-omits-plain-type-invariant
MAbs	INV	Move_Mouse_Nothing/current_mouse_selection/INV	derived	no-sequent	pinned-bpo-omits-plain-type-invariant
MAbs	INV	Move_Mouse_Nothing/block_slot_position/INV	derived	no-sequent	pinned-bpo-omits-plain-type-invariant
MAbs	INV	AMAN_Update_mouse_to_nothing/inv3,1/INV	derived	no-sequent	pinned-bpo-omits-plain-type-invariant
MAbs	INV	AMAN_Update_mouse_to_nothing/inv0,1/INV	derived	no-sequent	pinned-bpo-omits-plain-type-invariant
MAbs	INV	AMAN_Update_mouse_to_nothing/inv5,1/INV	derived	no-sequent	pinned-bpo-omits-plain-type-invariant
MAbs	INV	AMAN_Update_mouse_to_nothing/current_mouse_selection/INV	derived	no-sequent	pinned-bpo-omits-plain-type-invariant
MAbs	INV	AMAN_Update_mouse_to_airplane/inv3,1/INV	derived	no-sequent	pinned-bpo-omits-plain-type-invariant
MAbs	INV	AMAN_Update_mouse_to_airplane/inv0,1/INV	derived	no-sequent	pinned-bpo-omits-plain-type-invariant
MAbs	INV	AMAN_Update_mouse_to_airplane/inv5,1/INV	derived	no-sequent	pinned-bpo-omits-plain-type-invariant
MAbs	INV	AMAN_Update_mouse_to_airplane/current_mouse_selection/INV	derived	no-sequent	pinned-bpo-omits-plain-type-invariant
MAbs	INV	AMAN_Update_mouse_stays/inv3,1/INV	derived	no-sequent	pinned-bpo-omits-plain-type-invariant
MAbs	INV	AMAN_Update_mouse_stays/inv0,1/INV	derived	no-sequent	pinned-bpo-omits-plain-type-invariant
MAbs	INV	AMAN_Update_mouse_stays/inv5,1/INV	derived	no-sequent	pinned-bpo-omits-plain-type-invariant
MAbs	INV	AMAN_Timeout/inv5,1/INV	derived	no-sequent	pinned-bpo-omits-plain-type-invariant
MAbs	INV	Move_Aircraft/is_mouse_pressed/INV	derived	no-sequent	pinned-bpo-omits-plain-type-invariant
MAbs	INV	Click_Hold_Button/is_mouse_pressed/INV	derived	no-sequent	pinned-bpo-omits-plain-type-invariant
MAbs	INV	Release_Trigger_Hold_Button/is_mouse_pressed/INV	derived	no-sequent	pinned-bpo-omits-plain-type-invariant
MAbs	INV	Release_Abort_Hold_Button/is_mouse_pressed/INV	derived	no-sequent	pinned-bpo-omits-plain-type-invariant
MAbs	INV	Click_Block_Time/is_mouse_pressed/INV	derived	no-sequent	pinned-bpo-omits-plain-type-invariant
MAbs	INV	Click_Block_Time/ABS_blocked/INV	derived	no-sequent	pinned-bpo-omits-plain-type-invariant
MAbs	INV	Release_Trigger_Block_Time/is_mouse_pressed/INV	derived	no-sequent	pinned-bpo-omits-plain-type-invariant
MAbs	INV	Release_Trigger_Block_Time/inv3,1/INV	derived	no-sequent	pinned-bpo-omits-plain-type-invariant
MAbs	INV	Release_Trigger_Block_Time/ABS_blocked/INV	derived	no-sequent	pinned-bpo-omits-plain-type-invariant
MAbs	INV	Release_Abort_Time_Button/is_mouse_pressed/INV	derived	no-sequent	pinned-bpo-omits-plain-type-invariant
MAbs	INV	Release_Abort_Time_Button/ABS_blocked/INV	derived	no-sequent	pinned-bpo-omits-plain-type-invariant
MAbs	INV	Release_Trigger_Deblock_Time/is_mouse_pressed/INV	derived	no-sequent	pinned-bpo-omits-plain-type-invariant
MAbs	INV	Release_Trigger_Deblock_Time/inv3,1/INV	derived	no-sequent	pinned-bpo-omits-plain-type-invariant
MAbs	INV	Release_Trigger_Deblock_Time/ABS_blocked/INV	derived	no-sequent	pinned-bpo-omits-plain-type-invariant
MAbs	INV	changeZoom/is_mouse_pressed/INV	derived	no-sequent	pinned-bpo-omits-plain-type-invariant
MAbs	INV	selectAirplane/is_mouse_pressed/INV	derived	no-sequent	pinned-bpo-omits-plain-type-invariant
MAbs	INV	resume_dragging_airplane/is_mouse_pressed/INV	derived	no-sequent	pinned-bpo-omits-plain-type-invariant
MAbs	INV	stop_dragging_airplane/is_mouse_pressed/INV	derived	no-sequent	pinned-bpo-omits-plain-type-invariant
MAbs	INV	start_dragging_zoom_slider/is_mouse_pressed/INV	derived	no-sequent	pinned-bpo-omits-plain-type-invariant
MAbs_helper	SIM	INITIALISATION/act5,1/SIM	derived	no-sequent	pinned-bpo-omits-refinement-action-sequent
MAbs_helper	SIM	INITIALISATION/dragged_zoom_level/SIM	derived	no-sequent	pinned-bpo-omits-refinement-action-sequent
MAbs_helper	SIM	INITIALISATION/act9,1/SIM	derived	no-sequent	pinned-bpo-omits-refinement-action-sequent
MAbs_helper	SIM	Move_Mouse_Hold/act9,1/SIM	derived	no-sequent	pinned-bpo-omits-refinement-action-sequent
MAbs_helper	SIM	Move_Mouse_Zoom_Zooming/dragged_zoom_level/SIM	derived	no-sequent	pinned-bpo-omits-refinement-action-sequent
MAbs_helper	SIM	Move_Mouse_Zoom_Zooming/act9,1/SIM	derived	no-sequent	pinned-bpo-omits-refinement-action-sequent
MAbs_helper	SIM	Move_Mouse_Zoom_Zooming/act9,2/SIM	derived	no-sequent	pinned-bpo-omits-refinement-action-sequent
MAbs_helper	SIM	Move_Mouse_Zoom_Not_Zooming/act9,1/SIM	derived	no-sequent	pinned-bpo-omits-refinement-action-sequent
MAbs_helper	SIM	Move_Mouse_Zoom_Not_Zooming/act9,2/SIM	derived	no-sequent	pinned-bpo-omits-refinement-action-sequent
MAbs_helper	GRD	Move_Mouse_Block/grd9,1/GRD	derived	no-sequent	pinned-bpo-omits-refinement-guard-sequent
MAbs_helper	SIM	Move_Mouse_Block/act9,1/SIM	derived	no-sequent	pinned-bpo-omits-refinement-action-sequent
MAbs_helper	SIM	Move_Mouse_Airplane/act9,1/SIM	derived	no-sequent	pinned-bpo-omits-refinement-action-sequent
MAbs_helper	SIM	Move_Mouse_Nothing/act9,1/SIM	derived	no-sequent	pinned-bpo-omits-refinement-action-sequent
MAbs_helper	GRD	AMAN_Update_mouse_to_nothing/abs_new_air/GRD	derived	no-sequent	pinned-bpo-omits-refinement-guard-sequent
MAbs_helper	GRD	AMAN_Update_mouse_to_nothing/grdAbstractBlocked/GRD	derived	no-sequent	pinned-bpo-omits-refinement-guard-sequent
MAbs_helper	SIM	AMAN_Update_mouse_to_nothing/act5,1/SIM	derived	no-sequent	pinned-bpo-omits-refinement-action-sequent
MAbs_helper	SIM	AMAN_Update_mouse_to_nothing/act9,1/SIM	derived	no-sequent	pinned-bpo-omits-refinement-action-sequent
MAbs_helper	WFIS	AMAN_Update_mouse_to_nothing/new_scheduledAirplanes/WFIS	derived	no-sequent	pinned-bpo-omits-witness-feasibility-sequent
MAbs_helper	GRD	AMAN_Update_mouse_to_airplane/abs_new_air/GRD	derived	no-sequent	pinned-bpo-omits-refinement-guard-sequent
MAbs_helper	GRD	AMAN_Update_mouse_to_airplane/grdAbstractBlocked/GRD	derived	no-sequent	pinned-bpo-omits-refinement-guard-sequent
MAbs_helper	SIM	AMAN_Update_mouse_to_airplane/act5,1/SIM	derived	no-sequent	pinned-bpo-omits-refinement-action-sequent
MAbs_helper	SIM	AMAN_Update_mouse_to_airplane/act9,1/SIM	derived	no-sequent	pinned-bpo-omits-refinement-action-sequent
MAbs_helper	WFIS	AMAN_Update_mouse_to_airplane/new_scheduledAirplanes/WFIS	derived	no-sequent	pinned-bpo-omits-witness-feasibility-sequent
MAbs_helper	GRD	AMAN_Update_mouse_stays/abs_new_air/GRD	derived	no-sequent	pinned-bpo-omits-refinement-guard-sequent
MAbs_helper	GRD	AMAN_Update_mouse_stays/grdAbstractBlocked/GRD	derived	no-sequent	pinned-bpo-omits-refinement-guard-sequent
MAbs_helper	SIM	AMAN_Update_mouse_stays/act5,1/SIM	derived	no-sequent	pinned-bpo-omits-refinement-action-sequent
MAbs_helper	WFIS	AMAN_Update_mouse_stays/new_scheduledAirplanes/WFIS	derived	no-sequent	pinned-bpo-omits-witness-feasibility-sequent
MAbs_helper	SIM	AMAN_Timeout/act5,1/SIM	derived	no-sequent	pinned-bpo-omits-refinement-action-sequent
MAbs_helper	SIM	Click_Hold_Button/act9,1/SIM	derived	no-sequent	pinned-bpo-omits-refinement-action-sequent
MAbs_helper	SIM	Release_Trigger_Hold_Button/act2,1/SIM	derived	no-sequent	pinned-bpo-omits-refinement-action-sequent
MAbs_helper	SIM	Release_Abort_Hold_Button/act9,1/SIM	derived	no-sequent	pinned-bpo-omits-refinement-action-sequent
MAbs_helper	SIM	changeZoom/act6,1/SIM	derived	no-sequent	pinned-bpo-omits-refinement-action-sequent
MAbs_helper	SIM	changeZoom/dragged_zoom_level/SIM	derived	no-sequent	pinned-bpo-omits-refinement-action-sequent
MAbs_helper	WFIS	changeZoom/new_abstract_selectedAirplane/WFIS	derived	no-sequent	pinned-bpo-omits-witness-feasibility-sequent
MAbs_helper	WFIS	selectAirplane/abstract_airplane/WFIS	derived	no-sequent	pinned-bpo-omits-witness-feasibility-sequent
MAbs_helper	WFIS	resume_dragging_airplane/abstract_airplane/WFIS	derived	no-sequent	pinned-bpo-omits-witness-feasibility-sequent
MAbs_helper	SIM	start_dragging_zoom_slider/dragged_zoom_level/SIM	derived	no-sequent	pinned-bpo-omits-refinement-action-sequent
MAbs_helper	SIM	start_dragging_zoom_slider/press_mouse/SIM	derived	no-sequent	pinned-bpo-omits-refinement-action-sequent
ENV_M-1	INV	INITIALISATION/TRAIN_supertypeOf_train/INV	derived	no-sequent	pinned-bpo-omits-plain-type-invariant
ENV_M-1	INV	ENV_join_network/TRAIN_supertypeOf_train/INV	derived	no-sequent	pinned-bpo-omits-plain-type-invariant
ENV_M-1	INV	ENV_leave_network/TRAIN_supertypeOf_train/INV	derived	no-sequent	pinned-bpo-omits-plain-type-invariant
ENV_M-1	INV	ENV_train_split/TRAIN_supertypeOf_train/INV	derived	no-sequent	pinned-bpo-omits-plain-type-invariant
Env_M0	INV	INITIALISATION/TRAIN_supertypeOf_train/INV	derived	no-sequent	pinned-bpo-omits-plain-type-invariant
Env_M0	INV	ENV_join_network/TRAIN_supertypeOf_train/INV	derived	no-sequent	pinned-bpo-omits-plain-type-invariant
Env_M0	INV	ENV_leave_network/TRAIN_supertypeOf_train/INV	derived	no-sequent	pinned-bpo-omits-plain-type-invariant
Env_M0	INV	ENV_train_split/TRAIN_supertypeOf_train/INV	derived	no-sequent	pinned-bpo-omits-plain-type-invariant
Env_M1	INV	INITIALISATION/typeof_train/INV	derived	no-sequent	pinned-bpo-omits-plain-type-invariant
Env_M1	INV	ENV_leave_network/typeof_train/INV	derived	no-sequent	pinned-bpo-omits-plain-type-invariant
Env_M1	INV	ENV_train_split/typeof_train/INV	derived	no-sequent	pinned-bpo-omits-plain-type-invariant
Env_M1	INV	ENV_join_network/typeof_train/INV	derived	no-sequent	pinned-bpo-omits-plain-type-invariant
Env_M2	INV	INITIALISATION/TTD_supertypeOf_occupiedTTD/INV	derived	no-sequent	pinned-bpo-omits-plain-type-invariant
Env_M2	INV	ENV_front_move_next/TTD_supertypeOf_occupiedTTD/INV	derived	no-sequent	pinned-bpo-omits-plain-type-invariant
Env_M2	INV	ENV_join_network/TTD_supertypeOf_occupiedTTD/INV	derived	no-sequent	pinned-bpo-omits-plain-type-invariant
Env_M2	INV	ENV_last_train_leave_ttd/TTD_supertypeOf_occupiedTTD/INV	derived	no-sequent	pinned-bpo-omits-plain-type-invariant
Env_M2	INV	ENV_leave_network_and_free_ttd/TTD_supertypeOf_occupiedTTD/INV	derived	no-sequent	pinned-bpo-omits-plain-type-invariant
Env_M3	SIM	ENV_start_of_mission/leave_ghost/SIM	derived	no-sequent	pinned-bpo-omits-refinement-action-sequent
Env_M3	SIM	ENV_start_of_mission/enter_connected/SIM	derived	no-sequent	pinned-bpo-omits-refinement-action-sequent
Env_M3	SIM	ENV_end_of_mission/leave_connected/SIM	derived	no-sequent	pinned-bpo-omits-refinement-action-sequent
Env_M3	SIM	ENV_end_of_mission/enter_ghost/SIM	derived	no-sequent	pinned-bpo-omits-refinement-action-sequent
VBD_M4	SIM	ENV_train_split/instanceUpdate_tr/SIM	derived	no-sequent	pinned-bpo-omits-refinement-action-sequent
VBD_M4	SIM	ENV_train_split/act1/SIM	derived	no-sequent	pinned-bpo-omits-refinement-action-sequent
VBD_M4	SIM	ENV_train_split/act2/SIM	derived	no-sequent	pinned-bpo-omits-refinement-action-sequent
VBD_M4	SIM	ENV_train_split/cdm_actions6/SIM	derived	no-sequent	pinned-bpo-omits-refinement-action-sequent
VBD_M4	SIM	ENV_train_split/enter_noMission/SIM	derived	no-sequent	pinned-bpo-omits-refinement-action-sequent
VBD_M4	WD	ENV_train_split/grd15/WD	derived	no-sequent	pinned-bpo-omits-definedness-sequent
VBD_M4	WD	ENV_train_split/grdnext/WD	derived	no-sequent	pinned-bpo-omits-definedness-sequent
VBD_M4	SIM	RBC_trim_ma/act1/SIM	derived	no-sequent	pinned-bpo-omits-refinement-action-sequent
VBD_M5	INV	INITIALISATION/VSS_supertypeOf_availableVSS/INV	derived	no-sequent	pinned-bpo-omits-plain-type-invariant
VBD_M5	SIM	RBC_extend_fs_ma/act1/SIM	derived	no-sequent	pinned-bpo-omits-refinement-action-sequent
VBD_M5	SIM	RBC_extend_os_ma/act1/SIM	derived	no-sequent	pinned-bpo-omits-refinement-action-sequent
VBD_M5	WD	RBC_extend_os_ma/grd3/WD	derived	no-sequent	pinned-bpo-omits-definedness-sequent
VBD_M5	INV	VBD_add_available_vss/VSS_supertypeOf_availableVSS/INV	derived	no-sequent	pinned-bpo-omits-plain-type-invariant
VBD_M5	INV	VBD_remove_available_vss/VSS_supertypeOf_availableVSS/INV	derived	no-sequent	pinned-bpo-omits-plain-type-invariant
VBD_M6	SIM	VBD_receive_position_report_integrity_loss/act1/SIM	derived	no-sequent	pinned-bpo-omits-refinement-action-sequent
VBD_M6	SIM	VBD_receive_position_report_integrity_loss/act2/SIM	derived	no-sequent	pinned-bpo-omits-refinement-action-sequent
VBD_M6	SIM	VBD_receive_position_report_integrity_loss/act3/SIM	derived	no-sequent	pinned-bpo-omits-refinement-action-sequent
VBD_M6	WD	VBD_receive_position_report_integrity_loss/grd2/WD	derived	no-sequent	pinned-bpo-omits-definedness-sequent
VBD_M6	WD	VBD_receive_position_report_integrity_loss/grd5/WD	derived	no-sequent	pinned-bpo-omits-definedness-sequent
VBD_M6	SIM	VBD_receive_position_report_integrity_confirmed/act1/SIM	derived	no-sequent	pinned-bpo-omits-refinement-action-sequent
VBD_M6	SIM	VBD_receive_position_report_integrity_confirmed/act2/SIM	derived	no-sequent	pinned-bpo-omits-refinement-action-sequent
VBD_M6	SIM	VBD_receive_position_report_integrity_confirmed/act3/SIM	derived	no-sequent	pinned-bpo-omits-refinement-action-sequent
VBD_M6	WD	VBD_receive_position_report_integrity_confirmed/grd2/WD	derived	no-sequent	pinned-bpo-omits-definedness-sequent
VBD_M6	WD	VBD_receive_position_report_integrity_confirmed/grd5/WD	derived	no-sequent	pinned-bpo-omits-definedness-sequent
VBD_M6	SIM	VBD_receive_position_report_integrity_unavailable/act1/SIM	derived	no-sequent	pinned-bpo-omits-refinement-action-sequent
VBD_M6	SIM	VBD_receive_position_report_integrity_unavailable/act2/SIM	derived	no-sequent	pinned-bpo-omits-refinement-action-sequent
VBD_M6	SIM	VBD_receive_position_report_integrity_unavailable/act3/SIM	derived	no-sequent	pinned-bpo-omits-refinement-action-sequent
VBD_M6	WD	VBD_receive_position_report_integrity_unavailable/grd2/WD	derived	no-sequent	pinned-bpo-omits-definedness-sequent
VBD_M6	WD	VBD_receive_position_report_integrity_unavailable/grd5/WD	derived	no-sequent	pinned-bpo-omits-definedness-sequent
VBD_M6	SIM	VBD_receive_position_report_train_length_changed/act1/SIM	derived	no-sequent	pinned-bpo-omits-refinement-action-sequent
VBD_M6	SIM	VBD_receive_position_report_train_length_changed/act2/SIM	derived	no-sequent	pinned-bpo-omits-refinement-action-sequent
VBD_M6	SIM	VBD_receive_position_report_train_length_changed/act3/SIM	derived	no-sequent	pinned-bpo-omits-refinement-action-sequent
VBD_M6	WD	VBD_receive_position_report_train_length_changed/grd2/WD	derived	no-sequent	pinned-bpo-omits-definedness-sequent
VBD_M6	WD	VBD_receive_position_report_train_length_changed/grd5/WD	derived	no-sequent	pinned-bpo-omits-definedness-sequent
