corpus/aman/M0_AMAN_Update.bum	act0,1	PASS
corpus/aman/M0_AMAN_Update.bum	grd0,1	PASS
corpus/aman/M0_AMAN_Update.bum	act0,1	PASS
corpus/aman/M0_AMAN_Update.bum	inv0,1	PASS
corpus/aman/M0_AMAN_Update_Ctx.buc	axm2,1	PASS
corpus/aman/M0_AMAN_Update_prob_mc_Ctx.buc	axm_init_airplanes	PASS
corpus/aman/M1_Landing_Sequence.bum	act1,1	PASS
corpus/aman/M1_Landing_Sequence.bum	newScheduledAirplanes	PASS
corpus/aman/M1_Landing_Sequence.bum	grd1,1	PASS
corpus/aman/M1_Landing_Sequence.bum	inv1,2	PASS
corpus/aman/M1_Landing_Sequence.bum	act1,1	PASS
corpus/aman/M1_Landing_Sequence.bum	grd1,1	PASS
corpus/aman/M1_Landing_Sequence.bum	grd1,2	PASS
corpus/aman/M1_Landing_Sequence.bum	grd1,3	PASS
corpus/aman/M1_Landing_Sequence.bum	grd1,4	PASS
corpus/aman/M1_Landing_Sequence.bum	act1,1	PASS
corpus/aman/M1_Landing_Sequence.bum	inv1,1	PASS
corpus/aman/M1_Landing_Sequence.bum	inv13,2	PASS
corpus/aman/M1_Landing_Sequence.bum	glue1,1	PASS
corpus/aman/M1_Landing_Sequence_Ctx.buc	axm3,1	PASS
corpus/aman/M1_Landing_Sequence_Ctx.buc	axm3,2	PASS
corpus/aman/M1_Landing_Sequence_Ctx.buc	axm3,3	PASS
corpus/aman/M1_Landing_Sequence_Ctx.buc	axm3,4	PASS
corpus/aman/M1_Landing_Sequence_Ctx.buc	axm3,5	PASS
corpus/aman/M1_Landing_Sequence_Ctx.buc	finite_intervall	PASS
corpus/aman/M1_Landing_Sequence_Ctx.buc	AIRCRAFT_SEPARATION_MIN	PASS
corpus/aman/M1_Landing_Sequence_prob_mc_Ctx.buc	planning_horizon_init	PASS
corpus/aman/M1_Landing_Sequence_prob_mc_Ctx.buc	aircraft_separation_init	PASS
corpus/aman/M2_Hold_Button.bum	act2,1	PASS
corpus/aman/M2_Hold_Button.bum	act2,1	PASS
corpus/aman/M2_Hold_Button.bum	grd2,1	PASS
corpus/aman/M2_Hold_Button.bum	act2,1	PASS
corpus/aman/M2_Hold_Button.bum	inv4,1	PASS
corpus/aman/M3_Block_Timeslots.bum	act3,1	PASS
corpus/aman/M3_Block_Timeslots.bum	inv3,1	PASS
corpus/aman/M3_Block_Timeslots.bum	grd3,2	PASS
corpus/aman/M3_Block_Timeslots.bum	act3,1	PASS
corpus/aman/M3_Block_Timeslots.bum	grd3,1	PASS
corpus/aman/M3_Block_Timeslots.bum	grd3,1	PASS
corpus/aman/M3_Block_Timeslots.bum	act3,1	PASS
corpus/aman/M3_Block_Timeslots.bum	grd3,1	PASS
corpus/aman/M3_Block_Timeslots.bum	act3,1	PASS
corpus/aman/M3_Block_Timeslots.bum	inv3,1	PASS
corpus/aman/M4_Zoom.bum	act6,1	PASS
corpus/aman/M4_Zoom.bum	grd6,1	PASS
corpus/aman/M4_Zoom.bum	grd6,2	PASS
corpus/aman/M4_Zoom.bum	grd6,1	PASS
corpus/aman/M4_Zoom.bum	grd6,1	PASS
corpus/aman/M4_Zoom.bum	grd6,1	PASS
corpus/aman/M4_Zoom.bum	act6,1	PASS
corpus/aman/M4_Zoom.bum	grd6,1	PASS
corpus/aman/M4_Zoom.bum	inv6,1	PASS
corpus/aman/M4_Zoom_Ctx.buc	axm2,1	PASS
corpus/aman/M4_Zoom_Ctx.buc	axm2,2	PASS
corpus/aman/M4_Zoom_Ctx.buc	ZOOM_LEVELS_value	PASS
corpus/aman/M4_Zoom_Ctx.buc	ZOOM_LEVELS_sub_PLANNING_INTERVAL	PASS
corpus/aman/M4_Zoom_prob_mc_Ctx.buc	min_zoom_inst	PASS
corpus/aman/M4_Zoom_prob_mc_Ctx.buc	max_zoom_inst	PASS
corpus/aman/M4_Zoom_prob_mc_Ctx.buc	ZOOM_LEVELS_inst	PASS
corpus/aman/M5_AMAN_Timeout.bum	act5,1	PASS
corpus/aman/M5_AMAN_Timeout.bum	act5,1	PASS
corpus/aman/M5_AMAN_Timeout.bum	act5,1	PASS
corpus/aman/M5_AMAN_Timeout.bum	inv5,1	PASS
corpus/aman/M6_Select_Airplane.bum	act7,1	PASS
corpus/aman/M6_Select_Airplane.bum	act7,1	PASS
corpus/aman/M6_Select_Airplane.bum	act7,1	PASS
corpus/aman/M6_Select_Airplane.bum	grd7,1	PASS
corpus/aman/M6_Select_Airplane.bum	act6,1	PASS
corpus/aman/M6_Select_Airplane.bum	grd7,1	PASS
corpus/aman/M6_Select_Airplane.bum	selectedAirplane	PASS
corpus/aman/M6_Select_Airplane.bum	grd6,1	PASS
corpus/aman/M6_Select_Airplane.bum	act6,1	PASS
corpus/aman/M6_Select_Airplane.bum	grd6,2	PASS
corpus/aman/M6_Select_Airplane.bum	grd6,1	PASS
corpus/aman/M6_Select_Airplane.bum	act6,1	PASS
corpus/aman/M6_Select_Airplane.bum	inv7,1	PASS
corpus/aman/M6_Select_Airplane.bum	selectedAirplane_finite	PASS
corpus/aman/M6_Select_Airplane.bum	selectedAirplane_card	PASS
corpus/aman/M7_Interaction_Pauses_Updates.bum	dragging_airplane	PASS
corpus/aman/M7_Interaction_Pauses_Updates.bum	not_dragging_airplane	PASS
corpus/aman/M7_Interaction_Pauses_Updates.bum	not_dragging_airplane	PASS
corpus/aman/M7_Interaction_Pauses_Updates.bum	is_dragging_airplane	PASS
corpus/aman/M7_Interaction_Pauses_Updates.bum	dragging_airplane	PASS
corpus/aman/M7_Interaction_Pauses_Updates.bum	not_dragging_airplane	PASS
corpus/aman/M7_Interaction_Pauses_Updates.bum	not_dragging_airplane	PASS
corpus/aman/M7_Interaction_Pauses_Updates.bum	dragging_airplane	PASS
corpus/aman/M7_Interaction_Pauses_Updates.bum	not_dragging_airplane	PASS
corpus/aman/M7_Interaction_Pauses_Updates.bum	not_dragging_airplane	PASS
corpus/aman/M7_Interaction_Pauses_Updates.bum	dragging_airplane_type	PASS
corpus/aman/M7_Interaction_Pauses_Updates.bum	airplane_selected	PASS
corpus/aman/M7_Interaction_Pauses_Updates.bum	dragging_airplane	PASS
corpus/aman/M7_Interaction_Pauses_Updates.bum	not_dragging_airplane	PASS
corpus/aman/M7_Interaction_Pauses_Updates.bum	is_dragging_airplane	PASS
corpus/aman/M7_Interaction_Pauses_Updates.bum	dragging_airplane	PASS
corpus/aman/M7_Interaction_Pauses_Updates.bum	dragging_selected_airplane	PASS
corpus/aman/M8_Interaction_Events.bum	act1,1	PASS
corpus/aman/M8_Interaction_Events.bum	act2,1	PASS
corpus/aman/M8_Interaction_Events.bum	act3,1	PASS
corpus/aman/M8_Interaction_Events.bum	act6,1	PASS
corpus/aman/M8_Interaction_Events.bum	act5,1	PASS
corpus/aman/M8_Interaction_Events.bum	act7,1	PASS
corpus/aman/M8_Interaction_Events.bum	dragged_airplane	PASS
corpus/aman/M8_Interaction_Events.bum	dragged_zoom_level	PASS
corpus/aman/M8_Interaction_Events.bum	grd1,1	PASS
corpus/aman/M8_Interaction_Events.bum	inv1,2	PASS
corpus/aman/M8_Interaction_Events.bum	act1,1	PASS
corpus/aman/M8_Interaction_Events.bum	act2,1	PASS
corpus/aman/M8_Interaction_Events.bum	inv3,1	PASS
corpus/aman/M8_Interaction_Events.bum	grd3,2	PASS
corpus/aman/M8_Interaction_Events.bum	act3,1	PASS
corpus/aman/M8_Interaction_Events.bum	act5,1	PASS
corpus/aman/M8_Interaction_Events.bum	act7,1	PASS
corpus/aman/M8_Interaction_Events.bum	no_dragged_airplane	PASS
corpus/aman/M8_Interaction_Events.bum	act5,1	PASS
corpus/aman/M8_Interaction_Events.bum	act7,1	PASS
corpus/aman/M8_Interaction_Events.bum	no_dragged_airplane	PASS
corpus/aman/M8_Interaction_Events.bum	dragging_airplane	PASS
corpus/aman/M8_Interaction_Events.bum	grd1,3	PASS
corpus/aman/M8_Interaction_Events.bum	grd1,4	PASS
corpus/aman/M8_Interaction_Events.bum	act1,1	PASS
corpus/aman/M8_Interaction_Events.bum	grd3,1	PASS
corpus/aman/M8_Interaction_Events.bum	dragged_airplane	PASS
corpus/aman/M8_Interaction_Events.bum	grd2,1	PASS
corpus/aman/M8_Interaction_Events.bum	act2,1	PASS
corpus/aman/M8_Interaction_Events.bum	act6,1	PASS
corpus/aman/M8_Interaction_Events.bum	grd6,1	PASS
corpus/aman/M8_Interaction_Events.bum	grd7,1	PASS
corpus/aman/M8_Interaction_Events.bum	no_dragged_airplane	PASS
corpus/aman/M8_Interaction_Events.bum	act6,1	PASS
corpus/aman/M8_Interaction_Events.bum	grd6,1	PASS
corpus/aman/M8_Interaction_Events.bum	selectedAirplane	PASS
corpus/aman/M8_Interaction_Events.bum	dragged_zoom_level	PASS
corpus/aman/M8_Interaction_Events.bum	grd6,1	PASS
corpus/aman/M8_Interaction_Events.bum	grd6,2	PASS
corpus/aman/M8_Interaction_Events.bum	grd6,3	PASS
corpus/aman/M8_Interaction_Events.bum	act6,1	PASS
corpus/aman/M8_Interaction_Events.bum	dragged_airplane	PASS
corpus/aman/M8_Interaction_Events.bum	no_dragged_airplane	PASS
corpus/aman/M8_Interaction_Events.bum	no_dragged_zoom_level	PASS
corpus/aman/M8_Interaction_Events.bum	grd6,1	PASS
corpus/aman/M8_Interaction_Events.bum	grd6,2	PASS
corpus/aman/M8_Interaction_Events.bum	grd6,3	PASS
corpus/aman/M8_Interaction_Events.bum	act6,1	PASS
corpus/aman/M8_Interaction_Events.bum	no_dragged_airplane	PASS
corpus/aman/M8_Interaction_Events.bum	airplane_selected	PASS
corpus/aman/M8_Interaction_Events.bum	dragged_airplane	PASS
corpus/aman/M8_Interaction_Events.bum	no_dragged_airplane	PASS
corpus/aman/M8_Interaction_Events.bum	no_dragged_zoom_level	PASS
corpus/aman/M8_Interaction_Events.bum	dragged_airplane	PASS
corpus/aman/M8_Interaction_Events.bum	get_dragged_airplane_time	PASS
corpus/aman/M8_Interaction_Events.bum	dest_not_allowed	PASS
corpus/aman/M8_Interaction_Events.bum	dragged_airplane_type	PASS
corpus/aman/M8_Interaction_Events.bum	dragged_airplane_finite	PASS
corpus/aman/M8_Interaction_Events.bum	dragged_airplane_card	PASS
corpus/aman/M8_Interaction_Events.bum	dragging_airplane_glue	PASS
corpus/aman/M8_Interaction_Events.bum	dragged_zoom_level_type	PASS
corpus/aman/M8_Interaction_Events.bum	dragged_zoom_level_finite	PASS
corpus/aman/M8_Interaction_Events.bum	dragged_zoom_level_card	PASS
corpus/aman/M8_Interaction_Events.bum	get_dragged_airplane	PASS
corpus/aman/M8_Interaction_Events.bum	time_visible	PASS
corpus/aman/M8_Interaction_Events.bum	different_time	PASS
corpus/aman/M8_Interaction_Events.bum	dragged_airplane	PASS
corpus/aman/M8_Interaction_Events.bum	no_dragged_zoom_level	PASS
corpus/aman/M8_Interaction_Events.bum	no_dragged_airplane	PASS
corpus/aman/M8_Interaction_Events.bum	dragged_zoom_level	PASS
corpus/aman/M8_Interaction_Events.bum	cannot_move_airplane_while_zooming	PASS
corpus/aman/M8_Interaction_Events.bum	target_zoom_type	PASS
corpus/aman/M8_Interaction_Events.bum	have_dragged_zoom_level	PASS
corpus/aman/M8_Interaction_Events.bum	different_zoom	PASS
corpus/aman/M8_Interaction_Events.bum	dragged_zoom_level	PASS
corpus/aman/M9_Mouse_Ctx.buc	valid_mouse_positions	PASS
corpus/aman/M9_Push_Mouse_Buttons.bum	act9,1	PASS
corpus/aman/M9_Push_Mouse_Buttons.bum	act9,3	PASS
corpus/aman/M9_Push_Mouse_Buttons.bum	act9,4	PASS
corpus/aman/M9_Push_Mouse_Buttons.bum	act9,5	PASS
corpus/aman/M9_Push_Mouse_Buttons.bum	act9,6	PASS
corpus/aman/M9_Push_Mouse_Buttons.bum	mouse_pressed_init	PASS
corpus/aman/M9_Push_Mouse_Buttons.bum	act9,1	PASS
corpus/aman/M9_Push_Mouse_Buttons.bum	act9,2	PASS
corpus/aman/M9_Push_Mouse_Buttons.bum	act9,3	PASS
corpus/aman/M9_Push_Mouse_Buttons.bum	act9,4	PASS
corpus/aman/M9_Push_Mouse_Buttons.bum	grd9,1	PASS
corpus/aman/M9_Push_Mouse_Buttons.bum	act9,1	PASS
corpus/aman/M9_Push_Mouse_Buttons.bum	act9,2	PASS
corpus/aman/M9_Push_Mouse_Buttons.bum	act9,3	PASS
corpus/aman/M9_Push_Mouse_Buttons.bum	act9,4	PASS
corpus/aman/M9_Push_Mouse_Buttons.bum	act9,1	PASS
corpus/aman/M9_Push_Mouse_Buttons.bum	act9,2	PASS
corpus/aman/M9_Push_Mouse_Buttons.bum	act9,3	PASS
corpus/aman/M9_Push_Mouse_Buttons.bum	act9,4	PASS
corpus/aman/M9_Push_Mouse_Buttons.bum	grd9,1	PASS
corpus/aman/M9_Push_Mouse_Buttons.bum	grd9,2	PASS
corpus/aman/M9_Push_Mouse_Buttons.bum	act9,1	PASS
corpus/aman/M9_Push_Mouse_Buttons.bum	act9,2	PASS
corpus/aman/M9_Push_Mouse_Buttons.bum	act9,3	PASS
corpus/aman/M9_Push_Mouse_Buttons.bum	act9,4	PASS
corpus/aman/M9_Push_Mouse_Buttons.bum	grd9,1	PASS
corpus/aman/M9_Push_Mouse_Buttons.bum	grd9,2	PASS
corpus/aman/M9_Push_Mouse_Buttons.bum	act9,1	PASS
corpus/aman/M9_Push_Mouse_Buttons.bum	act9,2	PASS
corpus/aman/M9_Push_Mouse_Buttons.bum	act9,3	PASS
corpus/aman/M9_Push_Mouse_Buttons.bum	act9,4	PASS
corpus/aman/M9_Push_Mouse_Buttons.bum	grd9,1	PASS
corpus/aman/M9_Push_Mouse_Buttons.bum	grd9,2	PASS
corpus/aman/M9_Push_Mouse_Buttons.bum	act9,1	PASS
corpus/aman/M9_Push_Mouse_Buttons.bum	act9,2	PASS
corpus/aman/M9_Push_Mouse_Buttons.bum	act9,3	PASS
corpus/aman/M9_Push_Mouse_Buttons.bum	act9,4	PASS
corpus/aman/M9_Push_Mouse_Buttons.bum	grd9,1	PASS
corpus/aman/M9_Push_Mouse_Buttons.bum	grd9,1	PASS
corpus/aman/M9_Push_Mouse_Buttons.bum	act9,1	PASS
corpus/aman/M9_Push_Mouse_Buttons.bum	mouse_not_pressed	PASS
corpus/aman/M9_Push_Mouse_Buttons.bum	act9,2	PASS
corpus/aman/M9_Push_Mouse_Buttons.bum	grd9,1	PASS
corpus/aman/M9_Push_Mouse_Buttons.bum	grd9,2	PASS
corpus/aman/M9_Push_Mouse_Buttons.bum	act9,1	PASS
corpus/aman/M9_Push_Mouse_Buttons.bum	mouse_not_pressed	PASS
corpus/aman/M9_Push_Mouse_Buttons.bum	act9,2	PASS
corpus/aman/M9_Push_Mouse_Buttons.bum	grd9,1	PASS
corpus/aman/M9_Push_Mouse_Buttons.bum	mouse_not_pressed	PASS
corpus/aman/M9_Push_Mouse_Buttons.bum	theorem	PASS
corpus/aman/M9_Push_Mouse_Buttons.bum	set_to_release	PASS
corpus/aman/M9_Push_Mouse_Buttons.bum	act9,1	PASS
corpus/aman/M9_Push_Mouse_Buttons.bum	grd9,1	PASS
corpus/aman/M9_Push_Mouse_Buttons.bum	mouse_not_pressed	PASS
corpus/aman/M9_Push_Mouse_Buttons.bum	act9,1	PASS
corpus/aman/M9_Push_Mouse_Buttons.bum	grd9,1	PASS
corpus/aman/M9_Push_Mouse_Buttons.bum	grd9,2	PASS
corpus/aman/M9_Push_Mouse_Buttons.bum	act9,1	PASS
corpus/aman/M9_Push_Mouse_Buttons.bum	grd9,1	PASS
corpus/aman/M9_Push_Mouse_Buttons.bum	grd9,2	PASS
corpus/aman/M9_Push_Mouse_Buttons.bum	act9,1	PASS
corpus/aman/M9_Push_Mouse_Buttons.bum	grd9,1	PASS
corpus/aman/M9_Push_Mouse_Buttons.bum	no_mouse_click	PASS
corpus/aman/M9_Push_Mouse_Buttons.bum	set_mouse_click	PASS
corpus/aman/M9_Push_Mouse_Buttons.bum	act3,1	PASS
corpus/aman/M9_Push_Mouse_Buttons.bum	time	PASS
corpus/aman/M9_Push_Mouse_Buttons.bum	act9,1	PASS
corpus/aman/M9_Push_Mouse_Buttons.bum	grd9,1	PASS
corpus/aman/M9_Push_Mouse_Buttons.bum	grd9,2	PASS
corpus/aman/M9_Push_Mouse_Buttons.bum	clicked_Block_not_empty	PASS
corpus/aman/M9_Push_Mouse_Buttons.bum	theorem	PASS
corpus/aman/M9_Push_Mouse_Buttons.bum	clicked_pos	PASS
corpus/aman/M9_Push_Mouse_Buttons.bum	act9,1	PASS
corpus/aman/M9_Push_Mouse_Buttons.bum	grd9,1	PASS
corpus/aman/M9_Push_Mouse_Buttons.bum	isClickedBlock_not_empty	PASS
corpus/aman/M9_Push_Mouse_Buttons.bum	clicked_pos	PASS
corpus/aman/M9_Push_Mouse_Buttons.bum	time	PASS
corpus/aman/M9_Push_Mouse_Buttons.bum	act3,1	PASS
corpus/aman/M9_Push_Mouse_Buttons.bum	act9,1	PASS
corpus/aman/M9_Push_Mouse_Buttons.bum	grd9,1	PASS
corpus/aman/M9_Push_Mouse_Buttons.bum	grd9,2	PASS
corpus/aman/M9_Push_Mouse_Buttons.bum	grd9,3	PASS
corpus/aman/M9_Push_Mouse_Buttons.bum	clicked_pos	PASS
corpus/aman/M9_Push_Mouse_Buttons.bum	grd9,1	PASS
corpus/aman/M9_Push_Mouse_Buttons.bum	grd9,2	PASS
corpus/aman/M9_Push_Mouse_Buttons.bum	clicked_pos	PASS
corpus/aman/M9_Push_Mouse_Buttons.bum	grd9,1	PASS
corpus/aman/M9_Push_Mouse_Buttons.bum	grd9,2	PASS
corpus/aman/M9_Push_Mouse_Buttons.bum	clicked_no_airplane	PASS
corpus/aman/M9_Push_Mouse_Buttons.bum	press_mouse	PASS
corpus/aman/M9_Push_Mouse_Buttons.bum	grd9,1	PASS
corpus/aman/M9_Push_Mouse_Buttons.bum	grd9,1	PASS
corpus/aman/M9_Push_Mouse_Buttons.bum	grd9,2	PASS
corpus/aman/M9_Push_Mouse_Buttons.bum	clicked_no_airplane	PASS
corpus/aman/M9_Push_Mouse_Buttons.bum	press_mouse	PASS
corpus/aman/M9_Push_Mouse_Buttons.bum	grd9,1	PASS
corpus/aman/M9_Push_Mouse_Buttons.bum	grd9,2	PASS
corpus/aman/M9_Push_Mouse_Buttons.bum	theorem	PASS
corpus/aman/M9_Push_Mouse_Buttons.bum	clicked_pos	PASS
corpus/aman/M9_Push_Mouse_Buttons.bum	grd9,1	PASS
corpus/aman/M9_Push_Mouse_Buttons.bum	grd9,2	PASS
corpus/aman/M9_Push_Mouse_Buttons.bum	grd9,1	PASS
corpus/aman/M9_Push_Mouse_Buttons.bum	clicked_nothing	PASS
corpus/aman/M9_Push_Mouse_Buttons.bum	press_mouse	PASS
corpus/aman/M9_Push_Mouse_Buttons.bum	is_mouse_pressed	PASS
corpus/aman/M9_Push_Mouse_Buttons.bum	current_mouse_selection	PASS
corpus/aman/M9_Push_Mouse_Buttons.bum	is_clicked_block	PASS
corpus/aman/M9_Push_Mouse_Buttons.bum	is_clicked_block_fin	PASS
corpus/aman/M9_Push_Mouse_Buttons.bum	is_clicked_block_card	PASS
corpus/aman/M9_Push_Mouse_Buttons.bum	block_slot_position	PASS
corpus/aman/M9_Push_Mouse_Buttons.bum	block_slot_position_fin	PASS
corpus/aman/M9_Push_Mouse_Buttons.bum	block_slot_position_card	PASS
corpus/aman/M9_Push_Mouse_Buttons.bum	airplane_Position	PASS
corpus/aman/M9_Push_Mouse_Buttons.bum	airplane_Position_fin	PASS
corpus/aman/M9_Push_Mouse_Buttons.bum	airplane_Position_card	PASS
corpus/aman/M9_Push_Mouse_Buttons.bum	zoom_Position	PASS
corpus/aman/M9_Push_Mouse_Buttons.bum	zoom_Position_fin	PASS
corpus/aman/M9_Push_Mouse_Buttons.bum	zoom_Position_card	PASS
corpus/aman/M9_Push_Mouse_Buttons.bum	mouse_pos_not_empty	PASS
corpus/aman/M9_Push_Mouse_Buttons.bum	zoom_pos_not_empty	PASS
corpus/aman/M9_Push_Mouse_Buttons.bum	block_pos_not_empty	PASS
corpus/aman/M9_Push_Mouse_Buttons.bum	click_start_airplane	PASS
corpus/aman/M9_Push_Mouse_Buttons.bum	click_start_block	PASS
corpus/aman/M9_Push_Mouse_Buttons.bum	click_start_zoom	PASS
corpus/aman/M9_Push_Mouse_Buttons.bum	mouse_over_airplane_when_dragged	PASS
corpus/aman/MAbs.bum	actAbs	PASS
corpus/aman/MAbs.bum	act1,1	PASS
corpus/aman/MAbs.bum	act2,1	PASS
corpus/aman/MAbs.bum	act6,1	PASS
corpus/aman/MAbs.bum	act5,1	PASS
corpus/aman/MAbs.bum	act7,1	PASS
corpus/aman/MAbs.bum	abstract_dragged_airplane	PASS
corpus/aman/MAbs.bum	dragged_zoom_level	PASS
corpus/aman/MAbs.bum	act9,1	PASS
corpus/aman/MAbs.bum	act9,3	PASS
corpus/aman/MAbs.bum	act9,4	PASS
corpus/aman/MAbs.bum	act9,5	PASS
corpus/aman/MAbs.bum	act9,6	PASS
corpus/aman/MAbs.bum	mouse_pressed_init	PASS
corpus/aman/MAbs.bum	is_mouse_pressed	PASS
corpus/aman/MAbs.bum	inv3,1	PASS
corpus/aman/MAbs.bum	abstracT_blocks_fin_2	PASS
corpus/aman/MAbs.bum	inv0,1	PASS
corpus/aman/MAbs.bum	inv4,1	PASS
corpus/aman/MAbs.bum	inv6,1	PASS
corpus/aman/MAbs.bum	inv5,1	PASS
corpus/aman/MAbs.bum	inv7,1	PASS
corpus/aman/MAbs.bum	abstract_selectedAirplane_finite	PASS
corpus/aman/MAbs.bum	abstract_selectedAirplane_card	PASS
corpus/aman/MAbs.bum	dragged_airplane_type	PASS
corpus/aman/MAbs.bum	dragged_airplane_finite	PASS
corpus/aman/MAbs.bum	dragged_airplane_card	PASS
corpus/aman/MAbs.bum	dragged_zoom_level_type	PASS
corpus/aman/MAbs.bum	dragged_zoom_level_finite	PASS
corpus/aman/MAbs.bum	dragged_zoom_level_card	PASS
corpus/aman/MAbs.bum	cannot_move_airplane_while_zooming	PASS
corpus/aman/MAbs.bum	current_mouse_selection	PASS
corpus/aman/MAbs.bum	ABS_blocked	PASS
corpus/aman/MAbs.bum	is_clicked_block_fin	PASS
corpus/aman/MAbs.bum	is_clicked_block_card	PASS
corpus/aman/MAbs.bum	block_slot_position	PASS
corpus/aman/MAbs.bum	block_slot_position_fin	PASS
corpus/aman/MAbs.bum	block_slot_position_card	PASS
corpus/aman/MAbs.bum	airplane_Position	PASS
corpus/aman/MAbs.bum	airplane_Position_fin	PASS
corpus/aman/MAbs.bum	airplane_Position_card	PASS
corpus/aman/MAbs.bum	zoom_Position	PASS
corpus/aman/MAbs.bum	zoom_Position_fin	PASS
corpus/aman/MAbs.bum	zoom_Position_card	PASS
corpus/aman/MAbs.bum	mouse_pos_not_empty	PASS
corpus/aman/MAbs.bum	zoom_pos_not_empty	PASS
corpus/aman/MAbs.bum	block_pos_not_empty	PASS
corpus/aman/MAbs.bum	mouse_over_airplane_when_dragged	PASS
corpus/aman/MAbs.bum	grd9,1	PASS
corpus/aman/MAbs.bum	act9,1	PASS
corpus/aman/MAbs.bum	act9,2	PASS
corpus/aman/MAbs.bum	act9,3	PASS
corpus/aman/MAbs.bum	act9,4	PASS
corpus/aman/MAbs.bum	target_zoom_type	PASS
corpus/aman/MAbs.bum	have_dragged_zoom_level	PASS
corpus/aman/MAbs.bum	different_zoom	PASS
corpus/aman/MAbs.bum	dragged_zoom_level	PASS
corpus/aman/MAbs.bum	act9,1	PASS
corpus/aman/MAbs.bum	act9,2	PASS
corpus/aman/MAbs.bum	act9,3	PASS
corpus/aman/MAbs.bum	act9,4	PASS
corpus/aman/MAbs.bum	grd9,1	PASS
corpus/aman/MAbs.bum	grd9,2	PASS
corpus/aman/MAbs.bum	act9,1	PASS
corpus/aman/MAbs.bum	act9,2	PASS
corpus/aman/MAbs.bum	act9,3	PASS
corpus/aman/MAbs.bum	act9,4	PASS
corpus/aman/MAbs.bum	grd9,1	PASS
corpus/aman/MAbs.bum	grd9,2	PASS
corpus/aman/MAbs.bum	act9,1	PASS
corpus/aman/MAbs.bum	act9,2	PASS
corpus/aman/MAbs.bum	act9,3	PASS
corpus/aman/MAbs.bum	act9,4	PASS
corpus/aman/MAbs.bum	grd9,1	PASS
corpus/aman/MAbs.bum	grd9,2	PASS
corpus/aman/MAbs.bum	act9,1	PASS
corpus/aman/MAbs.bum	act9,2	PASS
corpus/aman/MAbs.bum	act9,3	PASS
corpus/aman/MAbs.bum	act9,4	PASS
corpus/aman/MAbs.bum	grd9,1	PASS
corpus/aman/MAbs.bum	act9,1	PASS
corpus/aman/MAbs.bum	act9,2	PASS
corpus/aman/MAbs.bum	act9,3	PASS
corpus/aman/MAbs.bum	act9,4	PASS
corpus/aman/MAbs.bum	abs_new_air	PASS
corpus/aman/MAbs.bum	no_abstract_dragged_airplane	PASS
corpus/aman/MAbs.bum	grd9,1	PASS
corpus/aman/MAbs.bum	act_schedule	PASS
corpus/aman/MAbs.bum	act2,1	PASS
corpus/aman/MAbs.bum	act5,1	PASS
corpus/aman/MAbs.bum	act7,1	PASS
corpus/aman/MAbs.bum	act9,1	PASS
corpus/aman/MAbs.bum	act9,2	PASS
corpus/aman/MAbs.bum	actAbstractBlocked	PASS
corpus/aman/MAbs.bum	grdAbstractBlocked	PASS
corpus/aman/MAbs.bum	mouse_not_pressed	PASS
corpus/aman/MAbs.bum	abs_new_air	PASS
corpus/aman/MAbs.bum	no_abstract_dragged_airplane	PASS
corpus/aman/MAbs.bum	grd9,1	PASS
corpus/aman/MAbs.bum	grd9,2	PASS
corpus/aman/MAbs.bum	act_schedule	PASS
corpus/aman/MAbs.bum	act2,1	PASS
corpus/aman/MAbs.bum	act5,1	PASS
corpus/aman/MAbs.bum	act7,1	PASS
corpus/aman/MAbs.bum	act9,1	PASS
corpus/aman/MAbs.bum	grdAbstractBlocked	PASS
corpus/aman/MAbs.bum	act9,2	PASS
corpus/aman/MAbs.bum	actAbstractBlocked	PASS
corpus/aman/MAbs.bum	mouse_not_pressed	PASS
corpus/aman/MAbs.bum	abs_new_air	PASS
corpus/aman/MAbs.bum	no_abstract_dragged_airplane	PASS
corpus/aman/MAbs.bum	grd9,1	PASS
corpus/aman/MAbs.bum	act_schedule	PASS
corpus/aman/MAbs.bum	act2,1	PASS
corpus/aman/MAbs.bum	act5,1	PASS
corpus/aman/MAbs.bum	act7,1	PASS
corpus/aman/MAbs.bum	grdAbstractBlocked	PASS
corpus/aman/MAbs.bum	actAbstractBlocked	PASS
corpus/aman/MAbs.bum	mouse_not_pressed	PASS
corpus/aman/MAbs.bum	act5,1	PASS
corpus/aman/MAbs.bum	act7,1	PASS
corpus/aman/MAbs.bum	no_abstract_dragged_airplane	PASS
corpus/aman/MAbs.bum	abstract_dragged_airplane	PASS
corpus/aman/MAbs.bum	dragging_abstract_airplane	PASS
corpus/aman/MAbs.bum	theorem	PASS
corpus/aman/MAbs.bum	set_to_release	PASS
corpus/aman/MAbs.bum	grd9,1	PASS
corpus/aman/MAbs.bum	act9,1	PASS
corpus/aman/MAbs.bum	mouse_not_pressed	PASS
corpus/aman/MAbs.bum	grd2,1	PASS
corpus/aman/MAbs.bum	grd7,1	PASS
corpus/aman/MAbs.bum	no_abstract_dragged_airplane	PASS
corpus/aman/MAbs.bum	grd9,1	PASS
corpus/aman/MAbs.bum	grd9,2	PASS
corpus/aman/MAbs.bum	act2,1	PASS
corpus/aman/MAbs.bum	act6,1	PASS
corpus/aman/MAbs.bum	act9,1	PASS
corpus/aman/MAbs.bum	grd9,1	PASS
corpus/aman/MAbs.bum	grd9,2	PASS
corpus/aman/MAbs.bum	act9,1	PASS
corpus/aman/MAbs.bum	grd9,1	PASS
corpus/aman/MAbs.bum	act9,1	PASS
corpus/aman/MAbs.bum	no_mouse_click	PASS
corpus/aman/MAbs.bum	set_mouse_click	PASS
corpus/aman/MAbs.bum	act3,1	PASS
corpus/aman/MAbs.bum	grd_abstract_eq	PASS
corpus/aman/MAbs.bum	actabstract_isClicked	PASS
corpus/aman/MAbs.bum	clicked_Block_not_empty	PASS
corpus/aman/MAbs.bum	theorem	PASS
corpus/aman/MAbs.bum	clicked_pos	PASS
corpus/aman/MAbs.bum	act_abstract_isClicked	PASS
corpus/aman/MAbs.bum	isClickedBlock_not_empty	PASS
corpus/aman/MAbs.bum	clicked_pos	PASS
corpus/aman/MAbs.bum	abstract_isClicked_mouse_pos	PASS
corpus/aman/MAbs.bum	abstract_blocked	PASS
corpus/aman/MAbs.bum	act3,1	PASS
corpus/aman/MAbs.bum	abstract_isClicked_3	PASS
corpus/aman/MAbs.bum	abstract_isClicked_empty	PASS
corpus/aman/MAbs.bum	clicked_pos	PASS
corpus/aman/MAbs.bum	new_abstract_blockedTime_inv	PASS
corpus/aman/MAbs.bum	grd6,1	PASS
corpus/aman/MAbs.bum	act6,1	PASS
corpus/aman/MAbs.bum	dragged_zoom_level	PASS
corpus/aman/MAbs.bum	grd9,1	PASS
corpus/aman/MAbs.bum	selectedAirplane	PASS
corpus/aman/MAbs.bum	clicked_pos	PASS
corpus/aman/MAbs.bum	abstract_isClicked	PASS
corpus/aman/MAbs.bum	abstract_selectedAirplane	PASS
corpus/aman/MAbs.bum	abstract_selected	PASS
corpus/aman/MAbs.bum	no_dragged_abstract_airplane	PASS
corpus/aman/MAbs.bum	no_dragged_zoom_level	PASS
corpus/aman/MAbs.bum	act6,1	PASS
corpus/aman/MAbs.bum	abstract_dragged_airplane	PASS
corpus/aman/MAbs.bum	grd9,1	PASS
corpus/aman/MAbs.bum	abstract_mouse	PASS
corpus/aman/MAbs.bum	clicked_no_airplane	PASS
corpus/aman/MAbs.bum	press_mouse	PASS
corpus/aman/MAbs.bum	grd6,1	PASS
corpus/aman/MAbs.bum	grd6,2	PASS
corpus/aman/MAbs.bum	no_abstract_dragged_airplane	PASS
corpus/aman/MAbs.bum	act6,1	PASS
corpus/aman/MAbs.bum	grd9,1	PASS
corpus/aman/MAbs.bum	airplane_abstract_selected	PASS
corpus/aman/MAbs.bum	no_abstract_dragged_airplane	PASS
corpus/aman/MAbs.bum	no_dragged_zoom_level	PASS
corpus/aman/MAbs.bum	abstract_dragged_airplane	PASS
corpus/aman/MAbs.bum	grd9,1	PASS
corpus/aman/MAbs.bum	grd_abstract_mousePositionAirplane	PASS
corpus/aman/MAbs.bum	clicked_no_airplane	PASS
corpus/aman/MAbs.bum	press_mouse	PASS
corpus/aman/MAbs.bum	get_dragged_airplane_time_abstract	PASS
corpus/aman/MAbs.bum	abstract_dragged_airplane	PASS
corpus/aman/MAbs.bum	grd9,1	PASS
corpus/aman/MAbs.bum	grd_abstrac_airplane	PASS
corpus/aman/MAbs.bum	theorem	PASS
corpus/aman/MAbs.bum	clicked_pos	PASS
corpus/aman/MAbs.bum	get_dragged_airplane	PASS
corpus/aman/MAbs.bum	abstract_dragged_airplane	PASS
corpus/aman/MAbs.bum	grd9,1	PASS
corpus/aman/MAbs.bum	grd9,2	PASS
corpus/aman/MAbs.bum	target_zoom_type	PASS
corpus/aman/MAbs.bum	no_dragged_zoom_level	PASS
corpus/aman/MAbs.bum	no_dragged_airplane_abstract	PASS
corpus/aman/MAbs.bum	dragged_zoom_level	PASS
corpus/aman/MAbs.bum	grd9,1	PASS
corpus/aman/MAbs.bum	different_zoom	PASS
corpus/aman/MAbs.bum	press_mouse	PASS
corpus/aman/MAbs.bum	clicked_nothing	PASS
corpus/aman/MAbs.bum	click_start_airplane	PASS
corpus/aman/MAbs.bum	click_start_block	PASS
corpus/aman/MAbs.bum	click_start_zoom	PASS
corpus/aman/MAbs_Ctx.buc	abstract_blcoks_fin	PASS
corpus/aman/MAbs_helper.bum	act_blockedTime	PASS
corpus/aman/MAbs_helper.bum	act_landing	PASS
corpus/aman/MAbs_helper.bum	act2,1	PASS
corpus/aman/MAbs_helper.bum	act6,1	PASS
corpus/aman/MAbs_helper.bum	act5,1	PASS
corpus/aman/MAbs_helper.bum	act7,1	PASS
corpus/aman/MAbs_helper.bum	dragged_airplane	PASS
corpus/aman/MAbs_helper.bum	dragged_zoom_level	PASS
corpus/aman/MAbs_helper.bum	act9,1	PASS
corpus/aman/MAbs_helper.bum	act9,3	PASS
corpus/aman/MAbs_helper.bum	act9,4	PASS
corpus/aman/MAbs_helper.bum	act9,5	PASS
corpus/aman/MAbs_helper.bum	act9,6	PASS
corpus/aman/MAbs_helper.bum	mouse_pressed_init	PASS
corpus/aman/MAbs_helper.bum	grd9,1	PASS
corpus/aman/MAbs_helper.bum	act9,1	PASS
corpus/aman/MAbs_helper.bum	act9,2	PASS
corpus/aman/MAbs_helper.bum	act9,3	PASS
corpus/aman/MAbs_helper.bum	act9,4	PASS
corpus/aman/MAbs_helper.bum	target_zoom_type	PASS
corpus/aman/MAbs_helper.bum	have_dragged_zoom_level	PASS
corpus/aman/MAbs_helper.bum	different_zoom	PASS
corpus/aman/MAbs_helper.bum	dragged_zoom_level	PASS
corpus/aman/MAbs_helper.bum	act9,1	PASS
corpus/aman/MAbs_helper.bum	act9,2	PASS
corpus/aman/MAbs_helper.bum	act9,3	PASS
corpus/aman/MAbs_helper.bum	act9,4	PASS
corpus/aman/MAbs_helper.bum	grd9,1	PASS
corpus/aman/MAbs_helper.bum	grd9,2	PASS
corpus/aman/MAbs_helper.bum	act9,1	PASS
corpus/aman/MAbs_helper.bum	act9,2	PASS
corpus/aman/MAbs_helper.bum	act9,3	PASS
corpus/aman/MAbs_helper.bum	act9,4	PASS
corpus/aman/MAbs_helper.bum	grd9,1	PASS
corpus/aman/MAbs_helper.bum	grd9,2	PASS
corpus/aman/MAbs_helper.bum	act9,1	PASS
corpus/aman/MAbs_helper.bum	act9,2	PASS
corpus/aman/MAbs_helper.bum	act9,3	PASS
corpus/aman/MAbs_helper.bum	act9,4	PASS
corpus/aman/MAbs_helper.bum	abstract_block	PASS
corpus/aman/MAbs_helper.bum	grd9,1	PASS
corpus/aman/MAbs_helper.bum	grd9,2	PASS
corpus/aman/MAbs_helper.bum	act9,1	PASS
corpus/aman/MAbs_helper.bum	act9,2	PASS
corpus/aman/MAbs_helper.bum	act9,3	PASS
corpus/aman/MAbs_helper.bum	act9,4	PASS
corpus/aman/MAbs_helper.bum	grd9,1	PASS
corpus/aman/MAbs_helper.bum	act9,1	PASS
corpus/aman/MAbs_helper.bum	act9,2	PASS
corpus/aman/MAbs_helper.bum	act9,3	PASS
corpus/aman/MAbs_helper.bum	act9,4	PASS
corpus/aman/MAbs_helper.bum	grd1,1	PASS
corpus/aman/MAbs_helper.bum	inv1,2	PASS
corpus/aman/MAbs_helper.bum	inv3,1	PASS
corpus/aman/MAbs_helper.bum	grd3,2	PASS
corpus/aman/MAbs_helper.bum	grd9,1	PASS
corpus/aman/MAbs_helper.bum	no_dragged_airplane	PASS
corpus/aman/MAbs_helper.bum	act1,1	PASS
corpus/aman/MAbs_helper.bum	act2,1	PASS
corpus/aman/MAbs_helper.bum	act5,1	PASS
corpus/aman/MAbs_helper.bum	act7,1	PASS
corpus/aman/MAbs_helper.bum	act9,1	PASS
corpus/aman/MAbs_helper.bum	new_scheduledAirplanes	PASS
corpus/aman/MAbs_helper.bum	act9,2	PASS
corpus/aman/MAbs_helper.bum	act3,1	PASS
corpus/aman/MAbs_helper.bum	new_abstract_blockedTime	PASS
corpus/aman/MAbs_helper.bum	mouse_not_pressed	PASS
corpus/aman/MAbs_helper.bum	grd1,1	PASS
corpus/aman/MAbs_helper.bum	inv1,2	PASS
corpus/aman/MAbs_helper.bum	grd9,1	PASS
corpus/aman/MAbs_helper.bum	grd9,2	PASS
corpus/aman/MAbs_helper.bum	inv3,1	PASS
corpus/aman/MAbs_helper.bum	grd3,2	PASS
corpus/aman/MAbs_helper.bum	no_dragged_airplane	PASS
corpus/aman/MAbs_helper.bum	act1,1	PASS
corpus/aman/MAbs_helper.bum	act2,1	PASS
corpus/aman/MAbs_helper.bum	act5,1	PASS
corpus/aman/MAbs_helper.bum	act7,1	PASS
corpus/aman/MAbs_helper.bum	act9,1	PASS
corpus/aman/MAbs_helper.bum	new_scheduledAirplanes	PASS
corpus/aman/MAbs_helper.bum	act9,2	PASS
corpus/aman/MAbs_helper.bum	act3,1	PASS
corpus/aman/MAbs_helper.bum	new_abstract_blockedTime	PASS
corpus/aman/MAbs_helper.bum	mouse_not_pressed	PASS
corpus/aman/MAbs_helper.bum	grd1,1	PASS
corpus/aman/MAbs_helper.bum	inv1,2	PASS
corpus/aman/MAbs_helper.bum	no_dragged_airplane	PASS
corpus/aman/MAbs_helper.bum	grd9,1	PASS
corpus/aman/MAbs_helper.bum	act1,1	PASS
corpus/aman/MAbs_helper.bum	act2,1	PASS
corpus/aman/MAbs_helper.bum	act5,1	PASS
corpus/aman/MAbs_helper.bum	act7,1	PASS
corpus/aman/MAbs_helper.bum	new_scheduledAirplanes	PASS
corpus/aman/MAbs_helper.bum	inv3,1	PASS
corpus/aman/MAbs_helper.bum	grd3,2	PASS
corpus/aman/MAbs_helper.bum	act3,1	PASS
corpus/aman/MAbs_helper.bum	new_abstract_blockedTime	PASS
corpus/aman/MAbs_helper.bum	mouse_not_pressed	PASS
corpus/aman/MAbs_helper.bum	no_dragged_airplane	PASS
corpus/aman/MAbs_helper.bum	act5,1	PASS
corpus/aman/MAbs_helper.bum	act7,1	PASS
corpus/aman/MAbs_helper.bum	dragging_airplane	PASS
corpus/aman/MAbs_helper.bum	act1,1	PASS
corpus/aman/MAbs_helper.bum	dragged_airplane	PASS
corpus/aman/MAbs_helper.bum	grd1,3	PASS
corpus/aman/MAbs_helper.bum	grd1,4	PASS
corpus/aman/MAbs_helper.bum	grd3,1	PASS
corpus/aman/MAbs_helper.bum	grd6,1	PASS
corpus/aman/MAbs_helper.bum	grd6,2	PASS
corpus/aman/MAbs_helper.bum	theorem	PASS
corpus/aman/MAbs_helper.bum	set_to_release	PASS
corpus/aman/MAbs_helper.bum	grd9,1	PASS
corpus/aman/MAbs_helper.bum	act9,1	PASS
corpus/aman/MAbs_helper.bum	mouse_not_pressed	PASS
corpus/aman/MAbs_helper.bum	grd2,1	PASS
corpus/aman/MAbs_helper.bum	grd7,1	PASS
corpus/aman/MAbs_helper.bum	no_dragged_airplane	PASS
corpus/aman/MAbs_helper.bum	grd9,1	PASS
corpus/aman/MAbs_helper.bum	grd9,2	PASS
corpus/aman/MAbs_helper.bum	act2,1	PASS
corpus/aman/MAbs_helper.bum	act6,1	PASS
corpus/aman/MAbs_helper.bum	act9,1	PASS
corpus/aman/MAbs_helper.bum	grd9,1	PASS
corpus/aman/MAbs_helper.bum	grd9,2	PASS
corpus/aman/MAbs_helper.bum	act9,1	PASS
corpus/aman/MAbs_helper.bum	grd9,1	PASS
corpus/aman/MAbs_helper.bum	no_mouse_click	PASS
corpus/aman/MAbs_helper.bum	abstract_isClicked	PASS
corpus/aman/MAbs_helper.bum	set_mouse_click	PASS
corpus/aman/MAbs_helper.bum	grd9,1	PASS
corpus/aman/MAbs_helper.bum	grd9,2	PASS
corpus/aman/MAbs_helper.bum	act_concrete_bloc	PASS
corpus/aman/MAbs_helper.bum	act9,1	PASS
corpus/aman/MAbs_helper.bum	clicked_Block_not_empty	PASS
corpus/aman/MAbs_helper.bum	theorem	PASS
corpus/aman/MAbs_helper.bum	clicked_pos	PASS
corpus/aman/MAbs_helper.bum	abstract_isClicked	PASS
corpus/aman/MAbs_helper.bum	act_isClicked	PASS
corpus/aman/MAbs_helper.bum	clicked_pos	PASS
corpus/aman/MAbs_helper.bum	isClickedBlock_not_empty	PASS
corpus/aman/MAbs_helper.bum	grd9,1	PASS
corpus/aman/MAbs_helper.bum	grd9,2	PASS
corpus/aman/MAbs_helper.bum	grd9,3	PASS
corpus/aman/MAbs_helper.bum	act_concrete_block	PASS
corpus/aman/MAbs_helper.bum	isClicked_3	PASS
corpus/aman/MAbs_helper.bum	clicked_pos	PASS
corpus/aman/MAbs_helper.bum	new_abstract_blockedTime	PASS
corpus/aman/MAbs_helper.bum	act6,1	PASS
corpus/aman/MAbs_helper.bum	dragged_zoom_level	PASS
corpus/aman/MAbs_helper.bum	grd6,1	PASS
corpus/aman/MAbs_helper.bum	grd9,1	PASS
corpus/aman/MAbs_helper.bum	grd9,2	PASS
corpus/aman/MAbs_helper.bum	selectedAirplane	PASS
corpus/aman/MAbs_helper.bum	clicked_pos	PASS
corpus/aman/MAbs_helper.bum	new_abstract_selectedAirplane	PASS
corpus/aman/MAbs_helper.bum	grd6,1	PASS
corpus/aman/MAbs_helper.bum	grd6,2	PASS
corpus/aman/MAbs_helper.bum	no_dragged_airplane	PASS
corpus/aman/MAbs_helper.bum	no_dragged_zoom_level	PASS
corpus/aman/MAbs_helper.bum	act6,1	PASS
corpus/aman/MAbs_helper.bum	dragged_airplane	PASS
corpus/aman/MAbs_helper.bum	grd9,1	PASS
corpus/aman/MAbs_helper.bum	grd9,2	PASS
corpus/aman/MAbs_helper.bum	abstract_airplane	PASS
corpus/aman/MAbs_helper.bum	press_mouse	PASS
corpus/aman/MAbs_helper.bum	clicked_no_airplane	PASS
corpus/aman/MAbs_helper.bum	grd6,1	PASS
corpus/aman/MAbs_helper.bum	grd6,2	PASS
corpus/aman/MAbs_helper.bum	no_dragged_airplane	PASS
corpus/aman/MAbs_helper.bum	grd9,1	PASS
corpus/aman/MAbs_helper.bum	grd6,3	PASS
corpus/aman/MAbs_helper.bum	act6,1	PASS
corpus/aman/MAbs_helper.bum	airplane_selected	PASS
corpus/aman/MAbs_helper.bum	no_dragged_airplane	PASS
corpus/aman/MAbs_helper.bum	no_dragged_zoom_level	PASS
corpus/aman/MAbs_helper.bum	dragged_airplane	PASS
corpus/aman/MAbs_helper.bum	grd9,1	PASS
corpus/aman/MAbs_helper.bum	grd9,2	PASS
corpus/aman/MAbs_helper.bum	abstract_airplane	PASS
corpus/aman/MAbs_helper.bum	press_mouse	PASS
corpus/aman/MAbs_helper.bum	clicked_no_airplane	PASS
corpus/aman/MAbs_helper.bum	get_dragged_airplane_time	PASS
corpus/aman/MAbs_helper.bum	grd9,1	PASS
corpus/aman/MAbs_helper.bum	grd9,2	PASS
corpus/aman/MAbs_helper.bum	dest_not_allowed	PASS
corpus/aman/MAbs_helper.bum	dragged_airplane	PASS
corpus/aman/MAbs_helper.bum	abstract_airplane	PASS
corpus/aman/MAbs_helper.bum	theorem	PASS
corpus/aman/MAbs_helper.bum	clicked_pos	PASS
corpus/aman/MAbs_helper.bum	get_dragged_airplane	PASS
corpus/aman/MAbs_helper.bum	time_visible	PASS
corpus/aman/MAbs_helper.bum	different_time	PASS
corpus/aman/MAbs_helper.bum	abstract_dragged_airplane	PASS
corpus/aman/MAbs_helper.bum	grd9,1	PASS
corpus/aman/MAbs_helper.bum	grd9,2	PASS
corpus/aman/MAbs_helper.bum	target_zoom_type	PASS
corpus/aman/MAbs_helper.bum	no_dragged_zoom_level	PASS
corpus/aman/MAbs_helper.bum	dragged_zoom_level	PASS
corpus/aman/MAbs_helper.bum	grd9,1	PASS
corpus/aman/MAbs_helper.bum	different_zoom	PASS
corpus/aman/MAbs_helper.bum	no_dragged_airplane	PASS
corpus/aman/MAbs_helper.bum	clicked_nothing	PASS
corpus/aman/MAbs_helper.bum	press_mouse	PASS
corpus/aman/MAbs_helper.bum	landing_sequence_1	PASS
corpus/aman/MAbs_helper.bum	landing_sequence_2	PASS
corpus/aman/MAbs_helper.bum	landing_sequence_3	PASS
corpus/aman/MAbs_helper.bum	selected_airplane_glue	PASS
corpus/aman/MAbs_helper.bum	selected_airplane_glue_2	PASS
corpus/aman/MAbs_helper.bum	dragged_airplane	PASS
corpus/aman/MAbs_helper.bum	dragged_airplane_type_glue	PASS
corpus/aman/MAbs_helper.bum	is_clicked_block	PASS
corpus/aman/MAbs_helper.bum	isClickedBlock_glue	PASS
corpus/aman/MAbs_helper.bum	block_slot_position	PASS
corpus/aman/MAbs_helper.bum	block_slot_position_glue	PASS
corpus/aman/MAbs_helper.bum	mousePositionAirplane_glue	PASS
corpus/aman/MAbs_helper.bum	mousePositionAirplane_glue_2	PASS
corpus/aman/MAbs_helper.bum	mouse_over_airplane_when_dragged	PASS
corpus/aman/MAbs_helper.bum	mouse_pos_not_empty	PASS
corpus/aman/MAbs_helper.bum	zoom_pos_not_empty	PASS
corpus/aman/MAbs_helper.bum	block_pos_not_empty	PASS
corpus/aman/MAbs_helper.bum	zoom_Position_fin	PASS
corpus/aman/MAbs_helper.bum	zoom_Position_card	PASS
corpus/aman/MAbs_helper.bum	airplane_Position_fin	PASS
corpus/aman/MAbs_helper.bum	airplane_Position_card	PASS
corpus/aman/MAbs_helper.bum	block_slot_position_fin	PASS
corpus/aman/MAbs_helper.bum	block_slot_position_card	PASS
corpus/aman/MAbs_helper.bum	is_clicked_block_fin	PASS
corpus/aman/MAbs_helper.bum	is_clicked_block_card	PASS
corpus/aman/MAbs_helper.bum	blockedTime	PASS
corpus/aman/MAbs_helper.bum	blockedTime_glue	PASS
corpus/aman/MAbs_helper_Ctx.buc	abstract_block_mapping	PASS
corpus/aman/MAbs_helper_Ctx.buc	all_blocks_completed	PASS
corpus/aman/MAbs_helper_Ctx.buc	fin_mapping	PASS
corpus/aman/MAbs_helper_Ctx.buc	zoom_in_mapping	PASS
corpus/aman/MAbs_prob_mc_Ctx.buc	axm_inst4,1	PASS
corpus/aman/MAbs_prob_mc_Ctx.buc	axm_inst4,2	PASS
corpus/aman/MAbs_prob_mc_Ctx.buc	abstract_blocks_card	PASS
corpus/ertms/ENV_C-1.buc	axm1	PASS
corpus/ertms/ENV_M-1.bum	init_train	PASS
corpus/ertms/ENV_M-1.bum	init_next_train	PASS
corpus/ertms/ENV_M-1.bum	instanceType_tr	PASS
corpus/ertms/ENV_M-1.bum	grd2	PASS
corpus/ertms/ENV_M-1.bum	grd2_new	PASS
corpus/ertms/ENV_M-1.bum	instanceUpdate_tr	PASS
corpus/ertms/ENV_M-1.bum	act1	PASS
corpus/ertms/ENV_M-1.bum	instanceType_tr	PASS
corpus/ertms/ENV_M-1.bum	grd1	PASS
corpus/ertms/ENV_M-1.bum	act1	PASS
corpus/ertms/ENV_M-1.bum	act2	PASS
corpus/ertms/ENV_M-1.bum	instanceType_tr	PASS
corpus/ertms/ENV_M-1.bum	instanceUpdate_tr	PASS
corpus/ertms/ENV_M-1.bum	grd1	PASS
corpus/ertms/ENV_M-1.bum	grd5	PASS
corpus/ertms/ENV_M-1.bum	grd3	PASS
corpus/ertms/ENV_M-1.bum	act1	PASS
corpus/ertms/ENV_M-1.bum	TRAIN_supertypeOf_train	PASS
corpus/ertms/ENV_M-1.bum	assocMult_next_train	PASS
corpus/ertms/Env_C0.buc	assocMult_Next_VSS	PASS
corpus/ertms/Env_C0.buc	axm1	PASS
corpus/ertms/Env_C0.buc	axm2	PASS
corpus/ertms/Env_C0.buc	axm3	PASS
corpus/ertms/Env_C0.buc	axm4	PASS
corpus/ertms/Env_C0.buc	axm5	PASS
corpus/ertms/Env_C0.buc	cd_axm1	PASS
corpus/ertms/Env_C0.buc	cd_axm2	PASS
corpus/ertms/Env_C0.buc	axm6	PASS
corpus/ertms/Env_C0.buc	axm7	PASS
corpus/ertms/Env_C0.buc	axm8	PASS
corpus/ertms/Env_C0.buc	axm9	PASS
corpus/ertms/Env_C0.buc	axm10	PASS
corpus/ertms/Env_C0.buc	axm11	PASS
corpus/ertms/Env_C0.buc	axm12	PASS
corpus/ertms/Env_C1.buc	assocMult_Next_TTD	PASS
corpus/ertms/Env_C1.buc	assocMultInjective_Sections	PASS
corpus/ertms/Env_C1.buc	axm1	PASS
corpus/ertms/Env_C1.buc	axm2	PASS
corpus/ertms/Env_C1.buc	axm3	PASS
corpus/ertms/Env_C1.buc	axm4	PASS
corpus/ertms/Env_C1.buc	cd_axm1	PASS
corpus/ertms/Env_C1.buc	cd_axm2	PASS
corpus/ertms/Env_C1.buc	assocMult_Sections	PASS
corpus/ertms/Env_C1.buc	axm5	PASS
corpus/ertms/Env_C1.buc	axm7	PASS
corpus/ertms/Env_C1.buc	axm8	PASS
corpus/ertms/Env_C1.buc	axm6	PASS
corpus/ertms/Env_C1.buc	axm9	PASS
corpus/ertms/Env_M0.bum	act_occupiedBy	PASS
corpus/ertms/Env_M0.bum	cdm_actions1	PASS
corpus/ertms/Env_M0.bum	cdm_guards6	PASS
corpus/ertms/Env_M0.bum	cdm_actions2	PASS
corpus/ertms/Env_M0.bum	instanceType_tr	PASS
corpus/ertms/Env_M0.bum	paramType_vss	PASS
corpus/ertms/Env_M0.bum	cdm_guards3	PASS
corpus/ertms/Env_M0.bum	cdm_guards7	PASS
corpus/ertms/Env_M0.bum	cdm_guards2	PASS
corpus/ertms/Env_M0.bum	grdnext11	PASS
corpus/ertms/Env_M0.bum	grdnnn	PASS
corpus/ertms/Env_M0.bum	cdm_actions3	PASS
corpus/ertms/Env_M0.bum	grdm	PASS
corpus/ertms/Env_M0.bum	instanceType_tr	PASS
corpus/ertms/Env_M0.bum	paramType_vss	PASS
corpus/ertms/Env_M0.bum	cdm_guards4	PASS
corpus/ertms/Env_M0.bum	grd1	PASS
corpus/ertms/Env_M0.bum	cdm_guards5	PASS
corpus/ertms/Env_M0.bum	grd2	PASS
corpus/ertms/Env_M0.bum	cdm_actions4	PASS
corpus/ertms/Env_M0.bum	TRAIN_supertypeOf_train	PASS
corpus/ertms/Env_M0.bum	assocMult_occupiedBy	PASS
corpus/ertms/Env_M0.bum	inv1	PASS
corpus/ertms/Env_M0.bum	inv3	PASS
corpus/ertms/Env_M0.bum	grd111	PASS
corpus/ertms/Env_M0.bum	grd2	PASS
corpus/ertms/Env_M0.bum	grd33	PASS
corpus/ertms/Env_M0.bum	grd4	PASS
corpus/ertms/Env_M0.bum	grd55	PASS
corpus/ertms/Env_M0.bum	grd6	PASS
corpus/ertms/Env_M0.bum	grd7	PASS
corpus/ertms/Env_M0.bum	grd8	PASS
corpus/ertms/Env_M0.bum	grd9	PASS
corpus/ertms/Env_M0.bum	grd10	PASS
corpus/ertms/Env_M0.bum	grd11	PASS
corpus/ertms/Env_M0.bum	grd12	PASS
corpus/ertms/Env_M0.bum	act2	PASS
corpus/ertms/Env_M0.bum	grd13	PASS
corpus/ertms/Env_M0.bum	grd14	PASS
corpus/ertms/Env_M0.bum	grd15	PASS
corpus/ertms/Env_M0.bum	grd1next	PASS
corpus/ertms/Env_M0.bum	inv2	PASS
corpus/ertms/Env_M1.bum	init_ghost	PASS
corpus/ertms/Env_M1.bum	init_connected	PASS
corpus/ertms/Env_M1.bum	isin_ghost	PASS
corpus/ertms/Env_M1.bum	leave_ghost	PASS
corpus/ertms/Env_M1.bum	isin_ghost	PASS
corpus/ertms/Env_M1.bum	leave_ghost	PASS
corpus/ertms/Env_M1.bum	enter_connected	PASS
corpus/ertms/Env_M1.bum	isin_connected	PASS
corpus/ertms/Env_M1.bum	leave_connected	PASS
corpus/ertms/Env_M1.bum	enter_ghost	PASS
corpus/ertms/Env_M1.bum	paramType_vss_set	PASS
corpus/ertms/Env_M1.bum	paramType_vss_set0	PASS
corpus/ertms/Env_M1.bum	cdm_guards12	PASS
corpus/ertms/Env_M1.bum	cdm_guards13	PASS
corpus/ertms/Env_M1.bum	cdm_guards14	PASS
corpus/ertms/Env_M1.bum	isnotin_sm	PASS
corpus/ertms/Env_M1.bum	cdm_actions6	PASS
corpus/ertms/Env_M1.bum	isnotin_sm	PASS
corpus/ertms/Env_M1.bum	enter_ghost	PASS
corpus/ertms/Env_M1.bum	typeof_train	PASS
corpus/ertms/Env_M1.bum	typeof_ghost	PASS
corpus/ertms/Env_M1.bum	typeof_connected	PASS
corpus/ertms/Env_M1.bum	distinct_states_in_connected_sm	PASS
corpus/ertms/Env_M2.bum	init_occupiedTTD	PASS
corpus/ertms/Env_M2.bum	grd12	PASS
corpus/ertms/Env_M2.bum	act1	PASS
corpus/ertms/Env_M2.bum	grd3	PASS
corpus/ertms/Env_M2.bum	act11	PASS
corpus/ertms/Env_M2.bum	instanceType_ttd	PASS
corpus/ertms/Env_M2.bum	grd3	PASS
corpus/ertms/Env_M2.bum	grd4	PASS
corpus/ertms/Env_M2.bum	grd5	PASS
corpus/ertms/Env_M2.bum	act1	PASS
corpus/ertms/Env_M2.bum	TTD_supertypeOf_occupiedTTD	PASS
corpus/ertms/Env_M2.bum	inv1	PASS
corpus/ertms/Env_M2.bum	grd11	PASS
corpus/ertms/Env_M2.bum	act11	PASS
corpus/ertms/Env_M2.bum	cdm_inv1	PASS
corpus/ertms/Env_M3.bum	init_unsafe	PASS
corpus/ertms/Env_M3.bum	init_ma	PASS
corpus/ertms/Env_M3.bum	init_noMission	PASS
corpus/ertms/Env_M3.bum	init_inMission	PASS
corpus/ertms/Env_M3.bum	isin_noMission	PASS
corpus/ertms/Env_M3.bum	leave_noMission	PASS
corpus/ertms/Env_M3.bum	grd1	PASS
corpus/ertms/Env_M3.bum	instanceType_tr	PASS
corpus/ertms/Env_M3.bum	enter_noMission	PASS
corpus/ertms/Env_M3.bum	grd16	PASS
corpus/ertms/Env_M3.bum	enter_noMission	PASS
corpus/ertms/Env_M3.bum	isin_noMission	PASS
corpus/ertms/Env_M3.bum	leave_noMission	PASS
corpus/ertms/Env_M3.bum	isin_ghost	PASS
corpus/ertms/Env_M3.bum	isin_noMission	PASS
corpus/ertms/Env_M3.bum	leave_noMission	PASS
corpus/ertms/Env_M3.bum	leave_ghost	PASS
corpus/ertms/Env_M3.bum	enter_connected	PASS
corpus/ertms/Env_M3.bum	enter_inMission	PASS
corpus/ertms/Env_M3.bum	act1	PASS
corpus/ertms/Env_M3.bum	act2	PASS
corpus/ertms/Env_M3.bum	isin_connected	PASS
corpus/ertms/Env_M3.bum	isin_inMission	PASS
corpus/ertms/Env_M3.bum	leave_inMission	PASS
corpus/ertms/Env_M3.bum	leave_connected	PASS
corpus/ertms/Env_M3.bum	enter_ghost	PASS
corpus/ertms/Env_M3.bum	enter_noMission	PASS
corpus/ertms/Env_M3.bum	act1	PASS
corpus/ertms/Env_M3.bum	act2	PASS
corpus/ertms/Env_M3.bum	isin_connected	PASS
corpus/ertms/Env_M3.bum	grd1	PASS
corpus/ertms/Env_M3.bum	grd2	PASS
corpus/ertms/Env_M3.bum	act1	PASS
corpus/ertms/Env_M3.bum	grd3	PASS
corpus/ertms/Env_M3.bum	isin_connected	PASS
corpus/ertms/Env_M3.bum	grd1	PASS
corpus/ertms/Env_M3.bum	grd2	PASS
corpus/ertms/Env_M3.bum	grd3	PASS
corpus/ertms/Env_M3.bum	act1	PASS
corpus/ertms/Env_M3.bum	grd4	PASS
corpus/ertms/Env_M3.bum	instanceType_tr	PASS
corpus/ertms/Env_M3.bum	grd1	PASS
corpus/ertms/Env_M3.bum	act1	PASS
corpus/ertms/Env_M3.bum	grd2	PASS
corpus/ertms/Env_M3.bum	act1	PASS
corpus/ertms/Env_M3.bum	instanceType_tr	PASS
corpus/ertms/Env_M3.bum	grd1	PASS
corpus/ertms/Env_M3.bum	instanceType_tr	PASS
corpus/ertms/Env_M3.bum	grd1	PASS
corpus/ertms/Env_M3.bum	grd2	PASS
corpus/ertms/Env_M3.bum	grd3	PASS
corpus/ertms/Env_M3.bum	act1	PASS
corpus/ertms/Env_M3.bum	typeof_noMission	PASS
corpus/ertms/Env_M3.bum	typeof_inMission	PASS
corpus/ertms/Env_M3.bum	distinct_states_in_train_statemachine1	PASS
corpus/ertms/Env_M3.bum	assocMult_ma	PASS
corpus/ertms/Env_M3.bum	attribType_unsafe	PASS
corpus/ertms/Env_M3.bum	inv1	PASS
corpus/ertms/Env_M3.bum	inv2	PASS
corpus/ertms/Env_M3.bum	inv3	PASS
corpus/ertms/Env_M3.bum	inv4	PASS
corpus/ertms/ProB_Ctxt.buc	axm1	PASS
corpus/ertms/ProB_Ctxt.buc	axm2	PASS
corpus/ertms/ProB_Ctxt.buc	axm3	PASS
corpus/ertms/ProB_Ctxt.buc	axm4	PASS
corpus/ertms/ProB_Ctxt.buc	axm5	PASS
corpus/ertms/ProB_Ctxt.buc	axm6	PASS
corpus/ertms/ProB_Ctxt.buc	axm7	PASS
corpus/ertms/ProB_Ctxt.buc	axm8	PASS
corpus/ertms/ProB_Ctxt.buc	axm9	PASS
corpus/ertms/ProB_Ctxt.buc	axm10	PASS
corpus/ertms/ProB_Ctxt.buc	axm11	PASS
corpus/ertms/VBD_M4.bum	init_muteTimerExpired	PASS
corpus/ertms/VBD_M4.bum	init_reportedPosition	PASS
corpus/ertms/VBD_M4.bum	act1	PASS
corpus/ertms/VBD_M4.bum	grd4	PASS
corpus/ertms/VBD_M4.bum	grd4	PASS
corpus/ertms/VBD_M4.bum	act1	PASS
corpus/ertms/VBD_M4.bum	instanceType_tr	PASS
corpus/ertms/VBD_M4.bum	paramType_vss_set	PASS
corpus/ertms/VBD_M4.bum	paramType_vss_set0	PASS
corpus/ertms/VBD_M4.bum	paramType_tr0	PASS
corpus/ertms/VBD_M4.bum	grd19	PASS
corpus/ertms/VBD_M4.bum	grd20	PASS
corpus/ertms/VBD_M4.bum	grd1	PASS
corpus/ertms/VBD_M4.bum	grd2	PASS
corpus/ertms/VBD_M4.bum	grd3	PASS
corpus/ertms/VBD_M4.bum	grd4	PASS
corpus/ertms/VBD_M4.bum	grd5	PASS
corpus/ertms/VBD_M4.bum	grd6	PASS
corpus/ertms/VBD_M4.bum	grd7	PASS
corpus/ertms/VBD_M4.bum	grd8	PASS
corpus/ertms/VBD_M4.bum	grd9	PASS
corpus/ertms/VBD_M4.bum	grd10	PASS
corpus/ertms/VBD_M4.bum	grd11	PASS
corpus/ertms/VBD_M4.bum	grd12	PASS
corpus/ertms/VBD_M4.bum	instanceUpdate_tr	PASS
corpus/ertms/VBD_M4.bum	act2	PASS
corpus/ertms/VBD_M4.bum	act1	PASS
corpus/ertms/VBD_M4.bum	grd13	PASS
corpus/ertms/VBD_M4.bum	grd14	PASS
corpus/ertms/VBD_M4.bum	grd15	PASS
corpus/ertms/VBD_M4.bum	isnotin_sm	PASS
corpus/ertms/VBD_M4.bum	enter_noMission	PASS
corpus/ertms/VBD_M4.bum	cdm_guards12	PASS
corpus/ertms/VBD_M4.bum	cdm_guards13	PASS
corpus/ertms/VBD_M4.bum	cdm_guards14	PASS
corpus/ertms/VBD_M4.bum	grd16	PASS
corpus/ertms/VBD_M4.bum	grd17	PASS
corpus/ertms/VBD_M4.bum	grd18	PASS
corpus/ertms/VBD_M4.bum	cdm_actions6	PASS
corpus/ertms/VBD_M4.bum	grdnext	PASS
corpus/ertms/VBD_M4.bum	act3	PASS
corpus/ertms/VBD_M4.bum	act4	PASS
corpus/ertms/VBD_M4.bum	act3	PASS
corpus/ertms/VBD_M4.bum	act4	PASS
corpus/ertms/VBD_M4.bum	instanceType_tr	PASS
corpus/ertms/VBD_M4.bum	grd1	PASS
corpus/ertms/VBD_M4.bum	grd2	PASS
corpus/ertms/VBD_M4.bum	grd3	PASS
corpus/ertms/VBD_M4.bum	act1	PASS
corpus/ertms/VBD_M4.bum	instanceType_tr	PASS
corpus/ertms/VBD_M4.bum	grd1	PASS
corpus/ertms/VBD_M4.bum	grd3	PASS
corpus/ertms/VBD_M4.bum	grd2	PASS
corpus/ertms/VBD_M4.bum	act1	PASS
corpus/ertms/VBD_M4.bum	act2	PASS
corpus/ertms/VBD_M4.bum	act3	PASS
corpus/ertms/VBD_M4.bum	grd5	PASS
corpus/ertms/VBD_M4.bum	grd4	PASS
corpus/ertms/VBD_M4.bum	assocMult_reportedPosition	PASS
corpus/ertms/VBD_M4.bum	attribType_disconnectPropagationTimerExpired	PASS
corpus/ertms/VBD_M4.bum	attribType_muteTimerExpired	PASS
corpus/ertms/VBD_M4.bum	inv1	PASS
corpus/ertms/VBD_M4.bum	instanceType_vss	PASS
corpus/ertms/VBD_M4.bum	grd1	PASS
corpus/ertms/VBD_M4.bum	grd2	PASS
corpus/ertms/VBD_M4.bum	act1	PASS
corpus/ertms/VBD_M4.bum	inv2	PASS
corpus/ertms/VBD_M5.bum	init_availableVSS	PASS
corpus/ertms/VBD_M5.bum	init_trusted	PASS
corpus/ertms/VBD_M5.bum	init_controlled	PASS
corpus/ertms/VBD_M5.bum	enter_trusted	PASS
corpus/ertms/VBD_M5.bum	leave_trusted	PASS
corpus/ertms/VBD_M5.bum	leave_controlled	PASS
corpus/ertms/VBD_M5.bum	isin_connected	PASS
corpus/ertms/VBD_M5.bum	isin_inMission	PASS
corpus/ertms/VBD_M5.bum	grd4	PASS
corpus/ertms/VBD_M5.bum	grd2	PASS
corpus/ertms/VBD_M5.bum	leave_trusted	PASS
corpus/ertms/VBD_M5.bum	enter_controlled	PASS
corpus/ertms/VBD_M5.bum	act1	PASS
corpus/ertms/VBD_M5.bum	grd3	PASS
corpus/ertms/VBD_M5.bum	grd5	PASS
corpus/ertms/VBD_M5.bum	isin_connected	PASS
corpus/ertms/VBD_M5.bum	isin_inMission	PASS
corpus/ertms/VBD_M5.bum	grd1	PASS
corpus/ertms/VBD_M5.bum	grd2	PASS
corpus/ertms/VBD_M5.bum	leave_controlled	PASS
corpus/ertms/VBD_M5.bum	enter_trusted	PASS
corpus/ertms/VBD_M5.bum	act1	PASS
corpus/ertms/VBD_M5.bum	grd3	PASS
corpus/ertms/VBD_M5.bum	typeof_trusted	PASS
corpus/ertms/VBD_M5.bum	typeof_controlled	PASS
corpus/ertms/VBD_M5.bum	VSS_supertypeOf_availableVSS	PASS
corpus/ertms/VBD_M5.bum	distinct_states_in_inMission_ma_mode	PASS
corpus/ertms/VBD_M5.bum	inv1	PASS
corpus/ertms/VBD_M5.bum	instanceType_vss	PASS
corpus/ertms/VBD_M5.bum	instanceUpdate_vss	PASS
corpus/ertms/VBD_M5.bum	grd1	PASS
corpus/ertms/VBD_M5.bum	instanceType_vss	PASS
corpus/ertms/VBD_M5.bum	instanceUpdate_vss	PASS
corpus/ertms/VBD_M5.bum	grd1	PASS
corpus/ertms/VBD_M6.bum	init_nonIntegral	PASS
corpus/ertms/VBD_M6.bum	init_integral	PASS
corpus/ertms/VBD_M6.bum	enter_nonIntegral	PASS
corpus/ertms/VBD_M6.bum	leave_nonIntegral	PASS
corpus/ertms/VBD_M6.bum	leave_integral	PASS
corpus/ertms/VBD_M6.bum	enter_nonIntegral	PASS
corpus/ertms/VBD_M6.bum	leave_nonIntegral	PASS
corpus/ertms/VBD_M6.bum	leave_integral	PASS
corpus/ertms/VBD_M6.bum	instanceType_tr	PASS
corpus/ertms/VBD_M6.bum	grd1	PASS
corpus/ertms/VBD_M6.bum	grd3	PASS
corpus/ertms/VBD_M6.bum	grd2	PASS
corpus/ertms/VBD_M6.bum	leave_integral	PASS
corpus/ertms/VBD_M6.bum	enter_nonIntegral	PASS
corpus/ertms/VBD_M6.bum	act1	PASS
corpus/ertms/VBD_M6.bum	act2	PASS
corpus/ertms/VBD_M6.bum	act3	PASS
corpus/ertms/VBD_M6.bum	grd5	PASS
corpus/ertms/VBD_M6.bum	grd4	PASS
corpus/ertms/VBD_M6.bum	instanceType_tr	PASS
corpus/ertms/VBD_M6.bum	grd1	PASS
corpus/ertms/VBD_M6.bum	grd3	PASS
corpus/ertms/VBD_M6.bum	grd2	PASS
corpus/ertms/VBD_M6.bum	leave_nonIntegral	PASS
corpus/ertms/VBD_M6.bum	enter_integral	PASS
corpus/ertms/VBD_M6.bum	act1	PASS
corpus/ertms/VBD_M6.bum	act2	PASS
corpus/ertms/VBD_M6.bum	act3	PASS
corpus/ertms/VBD_M6.bum	grd5	PASS
corpus/ertms/VBD_M6.bum	grd4	PASS
corpus/ertms/VBD_M6.bum	instanceType_tr	PASS
corpus/ertms/VBD_M6.bum	grd1	PASS
corpus/ertms/VBD_M6.bum	grd3	PASS
corpus/ertms/VBD_M6.bum	grd2	PASS
corpus/ertms/VBD_M6.bum	leave_integral	PASS
corpus/ertms/VBD_M6.bum	enter_nonIntegral	PASS
corpus/ertms/VBD_M6.bum	act1	PASS
corpus/ertms/VBD_M6.bum	act2	PASS
corpus/ertms/VBD_M6.bum	act3	PASS
corpus/ertms/VBD_M6.bum	grd5	PASS
corpus/ertms/VBD_M6.bum	grd4	PASS
corpus/ertms/VBD_M6.bum	instanceType_tr	PASS
corpus/ertms/VBD_M6.bum	grd1	PASS
corpus/ertms/VBD_M6.bum	grd3	PASS
corpus/ertms/VBD_M6.bum	grd2	PASS
corpus/ertms/VBD_M6.bum	leave_integral	PASS
corpus/ertms/VBD_M6.bum	enter_nonIntegral	PASS
corpus/ertms/VBD_M6.bum	act1	PASS
corpus/ertms/VBD_M6.bum	act2	PASS
corpus/ertms/VBD_M6.bum	act3	PASS
corpus/ertms/VBD_M6.bum	grd5	PASS
corpus/ertms/VBD_M6.bum	grd4	PASS
corpus/ertms/VBD_M6.bum	typeof_nonIntegral	PASS
corpus/ertms/VBD_M6.bum	typeof_integral	PASS
corpus/ertms/VBD_M6.bum	distinct_states_in_connected_integrity	PASS
