M0_AMAN_Update_prob_mc_Ctx	axm_init_airplanes/WD	eventb-v1-16829145160484273594	external-declared	exact-hypothesis
M1_Landing_Sequence	AMAN_Update/inv1,1/INV	eventb-v1-5952998824876361987	external-declared	exact-hypothesis
M1_Landing_Sequence	AMAN_Update/inv13,2/INV	eventb-v1-14486024917793534250	external-declared	exact-hypothesis
M1_Landing_Sequence	AMAN_Update/glue1,1/INV	eventb-v1-17390780325116527436	external-declared	reflexive
M4_Zoom	changeZoom/inv6,1/INV	eventb-v1-5074545683590948877	external-declared	exact-hypothesis
M6_Select_Airplane	selectedAirplane_card/WD	eventb-v1-13876482062933068475	external-declared	exact-hypothesis
M8_Interaction_Events	dragged_airplane_card/WD	eventb-v1-8672142159150112234	external-declared	exact-hypothesis
M8_Interaction_Events	dragged_zoom_level_card/WD	eventb-v1-5108533651225176600	external-declared	exact-hypothesis
M9_Push_Mouse_Buttons	is_clicked_block_card/WD	eventb-v1-16385690044210585065	external-declared	exact-hypothesis
M9_Push_Mouse_Buttons	block_slot_position_card/WD	eventb-v1-17293093683319281994	external-declared	exact-hypothesis
M9_Push_Mouse_Buttons	airplane_Position_card/WD	eventb-v1-15118745736586539840	external-declared	exact-hypothesis
M9_Push_Mouse_Buttons	zoom_Position_card/WD	eventb-v1-10862862079148529320	external-declared	exact-hypothesis
M9_Push_Mouse_Buttons	Click_Block_Time/is_clicked_block/INV	eventb-v1-10308162812538151779	external-declared	exact-hypothesis
M9_Push_Mouse_Buttons	Click_Block_Time/is_clicked_block_fin/INV	eventb-v1-12648376009743200148	external-declared	exact-hypothesis
M9_Push_Mouse_Buttons	Click_Block_Time/is_clicked_block_card/INV	eventb-v1-14948101976653692821	external-declared	exact-hypothesis
MAbs	abstract_selectedAirplane_card/WD	eventb-v1-14621877684346714394	external-declared	exact-hypothesis
MAbs	dragged_airplane_card/WD	eventb-v1-11607518134397819031	external-declared	exact-hypothesis
MAbs	dragged_zoom_level_card/WD	eventb-v1-16609845267404018574	external-declared	exact-hypothesis
MAbs	is_clicked_block_card/WD	eventb-v1-2111861896089874719	external-declared	exact-hypothesis
MAbs	block_slot_position_card/WD	eventb-v1-9479766206528609583	external-declared	exact-hypothesis
MAbs	airplane_Position_card/WD	eventb-v1-8816147645107901744	external-declared	exact-hypothesis
MAbs	zoom_Position_card/WD	eventb-v1-10337737539238151803	external-declared	exact-hypothesis
MAbs	Click_Block_Time/is_clicked_block_fin/INV	eventb-v1-4850963611294016226	external-declared	exact-hypothesis
MAbs	Click_Block_Time/is_clicked_block_card/INV	eventb-v1-3007239627218876922	external-declared	exact-hypothesis
MAbs_helper	zoom_Position_card/WD	eventb-v1-12838068536752949749	external-declared	exact-hypothesis
MAbs_helper	airplane_Position_card/WD	eventb-v1-8560278530949472824	external-declared	exact-hypothesis
MAbs_helper	block_slot_position_card/WD	eventb-v1-16865147050694524371	external-declared	exact-hypothesis
MAbs_helper	is_clicked_block_card/WD	eventb-v1-6176386349350495706	external-declared	exact-hypothesis
MAbs_helper	INITIALISATION/selected_airplane_glue_2/INV	eventb-v1-13393541256562704162	external-declared	reflexive
MAbs_helper	INITIALISATION/act2,1/SIM	eventb-v1-1904022326184590749	external-declared	reflexive
MAbs_helper	INITIALISATION/act6,1/SIM	eventb-v1-13997722314308442627	external-declared	reflexive
MAbs_helper	INITIALISATION/act9,6/SIM	eventb-v1-324200555209367186	external-declared	reflexive
MAbs_helper	INITIALISATION/mouse_pressed_init/SIM	eventb-v1-17623492704637381121	external-declared	reflexive
MAbs_helper	Move_Mouse_Hold/act9,4/SIM	eventb-v1-6316941715101413182	external-declared	reflexive
MAbs_helper	Move_Mouse_Block/act9,4/SIM	eventb-v1-744383341946784867	external-declared	reflexive
MAbs_helper	Move_Mouse_Airplane/act9,4/SIM	eventb-v1-3792374523669588341	external-declared	reflexive
MAbs_helper	Move_Mouse_Nothing/act9,4/SIM	eventb-v1-5678845416610114088	external-declared	reflexive
MAbs_helper	AMAN_Update_mouse_to_nothing/landing_sequence_1/INV	eventb-v1-3637221599295908496	external-declared	exact-hypothesis
MAbs_helper	AMAN_Update_mouse_to_nothing/landing_sequence_2/INV	eventb-v1-18337452325949431025	external-declared	exact-hypothesis
MAbs_helper	AMAN_Update_mouse_to_nothing/landing_sequence_3/INV	eventb-v1-10387503350183962558	external-declared	reflexive
MAbs_helper	AMAN_Update_mouse_to_nothing/selected_airplane_glue_2/INV	eventb-v1-17014798992690263540	external-declared	reflexive
MAbs_helper	AMAN_Update_mouse_to_nothing/act2,1/SIM	eventb-v1-7972194414658671855	external-declared	reflexive
MAbs_helper	AMAN_Update_mouse_to_airplane/landing_sequence_1/INV	eventb-v1-17960741234889804297	external-declared	exact-hypothesis
MAbs_helper	AMAN_Update_mouse_to_airplane/landing_sequence_2/INV	eventb-v1-17044829435698685195	external-declared	exact-hypothesis
MAbs_helper	AMAN_Update_mouse_to_airplane/landing_sequence_3/INV	eventb-v1-15455895954992255775	external-declared	reflexive
MAbs_helper	AMAN_Update_mouse_to_airplane/selected_airplane_glue_2/INV	eventb-v1-4771753122858391310	external-declared	reflexive
MAbs_helper	AMAN_Update_mouse_to_airplane/act2,1/SIM	eventb-v1-5906076194927146421	external-declared	reflexive
MAbs_helper	AMAN_Update_mouse_stays/landing_sequence_1/INV	eventb-v1-8102351550214528873	external-declared	exact-hypothesis
MAbs_helper	AMAN_Update_mouse_stays/landing_sequence_2/INV	eventb-v1-4186422107733177070	external-declared	exact-hypothesis
MAbs_helper	AMAN_Update_mouse_stays/landing_sequence_3/INV	eventb-v1-16924152694001247823	external-declared	reflexive
MAbs_helper	AMAN_Update_mouse_stays/selected_airplane_glue_2/INV	eventb-v1-13083000857704501251	external-declared	reflexive
MAbs_helper	AMAN_Update_mouse_stays/act2,1/SIM	eventb-v1-11953983933110232066	external-declared	reflexive
MAbs_helper	AMAN_Timeout/selected_airplane_glue_2/INV	eventb-v1-12300009698097461724	external-declared	reflexive
MAbs_helper	Move_Aircraft/set_to_release/SIM	eventb-v1-13809488853902544126	external-declared	reflexive
MAbs_helper	Release_Trigger_Hold_Button/selected_airplane_glue_2/INV	eventb-v1-12884135418067291466	external-declared	reflexive
MAbs_helper	Release_Trigger_Hold_Button/act9,1/SIM	eventb-v1-2265997975947546931	external-declared	reflexive
MAbs_helper	Click_Block_Time/is_clicked_block/INV	eventb-v1-16780666689996213097	external-declared	exact-hypothesis
MAbs_helper	Click_Block_Time/isClickedBlock_glue/INV	eventb-v1-5712249715222137357	external-declared	exact-hypothesis
MAbs_helper	Click_Block_Time/is_clicked_block_fin/INV	eventb-v1-6306803904311634003	external-declared	exact-hypothesis
MAbs_helper	Click_Block_Time/is_clicked_block_card/INV	eventb-v1-1972092461926185202	external-declared	exact-hypothesis
MAbs_helper	Click_Block_Time/set_mouse_click/SIM	eventb-v1-15525831042234247423	external-declared	reflexive
MAbs_helper	Release_Trigger_Block_Time/clicked_pos/SIM	eventb-v1-13729656030034437291	external-declared	reflexive
MAbs_helper	Release_Abort_Time_Button/clicked_pos/SIM	eventb-v1-14291099572336688180	external-declared	reflexive
MAbs_helper	Release_Trigger_Deblock_Time/clicked_pos/SIM	eventb-v1-11750202660985723614	external-declared	reflexive
MAbs_helper	changeZoom/selected_airplane_glue_2/INV	eventb-v1-18025039012413666565	external-declared	reflexive
MAbs_helper	changeZoom/clicked_pos/SIM	eventb-v1-3577514077840859436	external-declared	reflexive
MAbs_helper	selectAirplane/selected_airplane_glue_2/INV	eventb-v1-6253709394115987799	external-declared	reflexive
MAbs_helper	selectAirplane/press_mouse/SIM	eventb-v1-5564680175720267226	external-declared	reflexive
MAbs_helper	deselectAirplane/selected_airplane_glue_2/INV	eventb-v1-13870771662686551008	external-declared	reflexive
MAbs_helper	resume_dragging_airplane/press_mouse/SIM	eventb-v1-5705311774075729570	external-declared	reflexive
MAbs_helper	stop_dragging_airplane/clicked_pos/SIM	eventb-v1-4634871620335529269	external-declared	reflexive
MAbs_prob_mc_Ctx	axm_inst4,1/WD	eventb-v1-368063854654994650	external-declared	exact-hypothesis
MAbs_prob_mc_Ctx	abstract_blocks_card/WD	eventb-v1-1441971169358301113	external-declared	exact-hypothesis
