corpus/aman/M0_AMAN_Update.bum	PASS
corpus/aman/M0_AMAN_Update_Ctx.buc	PASS
corpus/aman/M0_AMAN_Update_prob_mc_Ctx.buc	PASS
corpus/aman/M1_Landing_Sequence.bum	PASS
corpus/aman/M1_Landing_Sequence_Ctx.buc	PASS
corpus/aman/M1_Landing_Sequence_prob_mc_Ctx.buc	PASS
corpus/aman/M2_Hold_Button.bum	PASS
corpus/aman/M3_Block_Timeslots.bum	PASS
corpus/aman/M4_Zoom.bum	PASS
corpus/aman/M4_Zoom_Ctx.buc	PASS
corpus/aman/M4_Zoom_prob_mc_Ctx.buc	PASS
corpus/aman/M5_AMAN_Timeout.bum	PASS
corpus/aman/M6_Select_Airplane.bum	PASS
corpus/aman/M7_Interaction_Pauses_Updates.bum	PASS
corpus/aman/M8_Interaction_Events.bum	PASS
corpus/aman/M9_Mouse_Ctx.buc	PASS
corpus/aman/M9_Mouse_prob_mc_Ctx.buc	PASS
corpus/aman/M9_Push_Mouse_Button_prob_mc.bum	PASS
corpus/aman/M9_Push_Mouse_Buttons.bum	PASS
corpus/aman/MAbs.bum	PASS
corpus/aman/MAbs_Ctx.buc	PASS
corpus/aman/MAbs_helper.bum	PASS
corpus/aman/MAbs_helper_Ctx.buc	PASS
corpus/aman/MAbs_prob_mc.bum	PASS
corpus/aman/MAbs_prob_mc_Ctx.buc	PASS
corpus/ertms/ENV_C-1.buc	PASS
corpus/ertms/ENV_M-1.bum	PASS
corpus/ertms/Env_C0.buc	PASS
corpus/ertms/Env_C1.buc	PASS
corpus/ertms/Env_C3.buc	PASS
corpus/ertms/Env_M0.bum	PASS
corpus/ertms/Env_M1.bum	PASS
corpus/ertms/Env_M2.bum	PASS
corpus/ertms/Env_M3.bum	PASS
corpus/ertms/ProB_Ctxt.buc	PASS
corpus/ertms/VBD_M4.bum	PASS
corpus/ertms/VBD_M5.bum	PASS
corpus/ertms/VBD_M6.bum	PASS
