M0_AMAN_Update	AIRPLANES	PASS
M0_AMAN_Update	scheduledAirplanes	PASS
M0_AMAN_Update	scheduledAirplanes'	PASS
M0_AMAN_Update	newScheduledAirplanes	PASS
M0_AMAN_Update_Ctx	AIRPLANES	PASS
M0_AMAN_Update_prob_mc_Ctx	AIRPLANES	PASS
M1_Landing_Sequence	AIRPLANES	PASS
M1_Landing_Sequence	AIRCRAFT_SEPARATION_MIN	PASS
M1_Landing_Sequence	DIST	PASS
M1_Landing_Sequence	PLANNING_HORIZON	PASS
M1_Landing_Sequence	PLANNING_INTERVAL	PASS
M1_Landing_Sequence	scheduledAirplanes	PASS
M1_Landing_Sequence	landing_sequence	PASS
M1_Landing_Sequence	scheduledAirplanes'	PASS
M1_Landing_Sequence	landing_sequence'	PASS
M1_Landing_Sequence	newScheduledAirplanes	PASS
M1_Landing_Sequence	new_landing_sequence	PASS
M1_Landing_Sequence	time	PASS
M1_Landing_Sequence	aircraft	PASS
M1_Landing_Sequence_Ctx	AIRPLANES	PASS
M1_Landing_Sequence_Ctx	AIRCRAFT_SEPARATION_MIN	PASS
M1_Landing_Sequence_Ctx	DIST	PASS
M1_Landing_Sequence_Ctx	PLANNING_HORIZON	PASS
M1_Landing_Sequence_Ctx	PLANNING_INTERVAL	PASS
M1_Landing_Sequence_prob_mc_Ctx	AIRPLANES	PASS
M1_Landing_Sequence_prob_mc_Ctx	AIRCRAFT_SEPARATION_MIN	PASS
M1_Landing_Sequence_prob_mc_Ctx	DIST	PASS
M1_Landing_Sequence_prob_mc_Ctx	PLANNING_HORIZON	PASS
M1_Landing_Sequence_prob_mc_Ctx	PLANNING_INTERVAL	PASS
M2_Hold_Button	AIRPLANES	PASS
M2_Hold_Button	AIRCRAFT_SEPARATION_MIN	PASS
M2_Hold_Button	DIST	PASS
M2_Hold_Button	PLANNING_HORIZON	PASS
M2_Hold_Button	PLANNING_INTERVAL	PASS
M2_Hold_Button	scheduledAirplanes	PASS
M2_Hold_Button	held_airplanes	PASS
M2_Hold_Button	landing_sequence	PASS
M2_Hold_Button	held_airplanes'	PASS
M2_Hold_Button	landing_sequence'	PASS
M2_Hold_Button	new_landing_sequence	PASS
M2_Hold_Button	time	PASS
M2_Hold_Button	aircraft	PASS
M2_Hold_Button	airplane	PASS
M3_Block_Timeslots	AIRPLANES	PASS
M3_Block_Timeslots	AIRCRAFT_SEPARATION_MIN	PASS
M3_Block_Timeslots	DIST	PASS
M3_Block_Timeslots	PLANNING_HORIZON	PASS
M3_Block_Timeslots	PLANNING_INTERVAL	PASS
M3_Block_Timeslots	blockedTime	PASS
M3_Block_Timeslots	scheduledAirplanes	PASS
M3_Block_Timeslots	held_airplanes	PASS
M3_Block_Timeslots	landing_sequence	PASS
M3_Block_Timeslots	held_airplanes'	PASS
M3_Block_Timeslots	blockedTime'	PASS
M3_Block_Timeslots	landing_sequence'	PASS
M3_Block_Timeslots	new_landing_sequence	PASS
M3_Block_Timeslots	passed_minute	PASS
M3_Block_Timeslots	time	PASS
M3_Block_Timeslots	aircraft	PASS
M3_Block_Timeslots	airplane	PASS
M4_Zoom	AIRPLANES	PASS
M4_Zoom	AIRCRAFT_SEPARATION_MIN	PASS
M4_Zoom	DIST	PASS
M4_Zoom	PLANNING_HORIZON	PASS
M4_Zoom	PLANNING_INTERVAL	PASS
M4_Zoom	MAX_ZOOM	PASS
M4_Zoom	ZOOM_LEVELS	PASS
M4_Zoom	MIN_ZOOM	PASS
M4_Zoom	blockedTime	PASS
M4_Zoom	zoomLevel	PASS
M4_Zoom	scheduledAirplanes	PASS
M4_Zoom	held_airplanes	PASS
M4_Zoom	landing_sequence	PASS
M4_Zoom	held_airplanes'	PASS
M4_Zoom	zoomLevel'	PASS
M4_Zoom	blockedTime'	PASS
M4_Zoom	landing_sequence'	PASS
M4_Zoom	new_landing_sequence	PASS
M4_Zoom	passed_minute	PASS
M4_Zoom	time	PASS
M4_Zoom	aircraft	PASS
M4_Zoom	airplane	PASS
M4_Zoom	targetZoom	PASS
M4_Zoom_Ctx	AIRPLANES	PASS
M4_Zoom_Ctx	AIRCRAFT_SEPARATION_MIN	PASS
M4_Zoom_Ctx	DIST	PASS
M4_Zoom_Ctx	PLANNING_HORIZON	PASS
M4_Zoom_Ctx	PLANNING_INTERVAL	PASS
M4_Zoom_Ctx	MAX_ZOOM	PASS
M4_Zoom_Ctx	ZOOM_LEVELS	PASS
M4_Zoom_Ctx	MIN_ZOOM	PASS
M4_Zoom_prob_mc_Ctx	AIRPLANES	PASS
M4_Zoom_prob_mc_Ctx	AIRCRAFT_SEPARATION_MIN	PASS
M4_Zoom_prob_mc_Ctx	DIST	PASS
M4_Zoom_prob_mc_Ctx	PLANNING_HORIZON	PASS
M4_Zoom_prob_mc_Ctx	PLANNING_INTERVAL	PASS
M4_Zoom_prob_mc_Ctx	MAX_ZOOM	PASS
M4_Zoom_prob_mc_Ctx	ZOOM_LEVELS	PASS
M4_Zoom_prob_mc_Ctx	MIN_ZOOM	PASS
M5_AMAN_Timeout	AIRPLANES	PASS
M5_AMAN_Timeout	AIRCRAFT_SEPARATION_MIN	PASS
M5_AMAN_Timeout	DIST	PASS
M5_AMAN_Timeout	PLANNING_HORIZON	PASS
M5_AMAN_Timeout	PLANNING_INTERVAL	PASS
M5_AMAN_Timeout	MAX_ZOOM	PASS
M5_AMAN_Timeout	ZOOM_LEVELS	PASS
M5_AMAN_Timeout	MIN_ZOOM	PASS
M5_AMAN_Timeout	blockedTime	PASS
M5_AMAN_Timeout	zoomLevel	PASS
M5_AMAN_Timeout	timeout	PASS
M5_AMAN_Timeout	scheduledAirplanes	PASS
M5_AMAN_Timeout	held_airplanes	PASS
M5_AMAN_Timeout	landing_sequence	PASS
M5_AMAN_Timeout	held_airplanes'	PASS
M5_AMAN_Timeout	zoomLevel'	PASS
M5_AMAN_Timeout	timeout'	PASS
M5_AMAN_Timeout	blockedTime'	PASS
M5_AMAN_Timeout	landing_sequence'	PASS
M5_AMAN_Timeout	new_landing_sequence	PASS
M5_AMAN_Timeout	passed_minute	PASS
M5_AMAN_Timeout	time	PASS
M5_AMAN_Timeout	aircraft	PASS
M5_AMAN_Timeout	airplane	PASS
M5_AMAN_Timeout	targetZoom	PASS
M6_Select_Airplane	AIRPLANES	PASS
M6_Select_Airplane	AIRCRAFT_SEPARATION_MIN	PASS
M6_Select_Airplane	DIST	PASS
M6_Select_Airplane	PLANNING_HORIZON	PASS
M6_Select_Airplane	PLANNING_INTERVAL	PASS
M6_Select_Airplane	MAX_ZOOM	PASS
M6_Select_Airplane	ZOOM_LEVELS	PASS
M6_Select_Airplane	MIN_ZOOM	PASS
M6_Select_Airplane	blockedTime	PASS
M6_Select_Airplane	selectedAirplane	PASS
M6_Select_Airplane	zoomLevel	PASS
M6_Select_Airplane	timeout	PASS
M6_Select_Airplane	scheduledAirplanes	PASS
M6_Select_Airplane	held_airplanes	PASS
M6_Select_Airplane	landing_sequence	PASS
M6_Select_Airplane	held_airplanes'	PASS
M6_Select_Airplane	zoomLevel'	PASS
M6_Select_Airplane	timeout'	PASS
M6_Select_Airplane	blockedTime'	PASS
M6_Select_Airplane	landing_sequence'	PASS
M6_Select_Airplane	selectedAirplane'	PASS
M6_Select_Airplane	new_landing_sequence	PASS
M6_Select_Airplane	passed_minute	PASS
M6_Select_Airplane	time	PASS
M6_Select_Airplane	aircraft	PASS
M6_Select_Airplane	airplane	PASS
M6_Select_Airplane	targetZoom	PASS
M7_Interaction_Pauses_Updates	AIRPLANES	PASS
M7_Interaction_Pauses_Updates	AIRCRAFT_SEPARATION_MIN	PASS
M7_Interaction_Pauses_Updates	DIST	PASS
M7_Interaction_Pauses_Updates	PLANNING_HORIZON	PASS
M7_Interaction_Pauses_Updates	PLANNING_INTERVAL	PASS
M7_Interaction_Pauses_Updates	MAX_ZOOM	PASS
M7_Interaction_Pauses_Updates	ZOOM_LEVELS	PASS
M7_Interaction_Pauses_Updates	MIN_ZOOM	PASS
M7_Interaction_Pauses_Updates	blockedTime	PASS
M7_Interaction_Pauses_Updates	selectedAirplane	PASS
M7_Interaction_Pauses_Updates	zoomLevel	PASS
M7_Interaction_Pauses_Updates	timeout	PASS
M7_Interaction_Pauses_Updates	dragging_airplane	PASS
M7_Interaction_Pauses_Updates	scheduledAirplanes	PASS
M7_Interaction_Pauses_Updates	held_airplanes	PASS
M7_Interaction_Pauses_Updates	landing_sequence	PASS
M7_Interaction_Pauses_Updates	held_airplanes'	PASS
M7_Interaction_Pauses_Updates	zoomLevel'	PASS
M7_Interaction_Pauses_Updates	dragging_airplane'	PASS
M7_Interaction_Pauses_Updates	timeout'	PASS
M7_Interaction_Pauses_Updates	blockedTime'	PASS
M7_Interaction_Pauses_Updates	landing_sequence'	PASS
M7_Interaction_Pauses_Updates	selectedAirplane'	PASS
M7_Interaction_Pauses_Updates	new_landing_sequence	PASS
M7_Interaction_Pauses_Updates	passed_minute	PASS
M7_Interaction_Pauses_Updates	time	PASS
M7_Interaction_Pauses_Updates	aircraft	PASS
M7_Interaction_Pauses_Updates	airplane	PASS
M7_Interaction_Pauses_Updates	targetZoom	PASS
M8_Interaction_Events	AIRPLANES	PASS
M8_Interaction_Events	AIRCRAFT_SEPARATION_MIN	PASS
M8_Interaction_Events	DIST	PASS
M8_Interaction_Events	PLANNING_HORIZON	PASS
M8_Interaction_Events	PLANNING_INTERVAL	PASS
M8_Interaction_Events	MAX_ZOOM	PASS
M8_Interaction_Events	ZOOM_LEVELS	PASS
M8_Interaction_Events	MIN_ZOOM	PASS
M8_Interaction_Events	blockedTime	PASS
M8_Interaction_Events	selectedAirplane	PASS
M8_Interaction_Events	zoomLevel	PASS
M8_Interaction_Events	dragged_airplane	PASS
M8_Interaction_Events	timeout	PASS
M8_Interaction_Events	dragged_zoom_level	PASS
M8_Interaction_Events	dragging_airplane	PASS
M8_Interaction_Events	scheduledAirplanes	PASS
M8_Interaction_Events	held_airplanes	PASS
M8_Interaction_Events	landing_sequence	PASS
M8_Interaction_Events	held_airplanes'	PASS
M8_Interaction_Events	dragged_airplane'	PASS
M8_Interaction_Events	zoomLevel'	PASS
M8_Interaction_Events	dragged_zoom_level'	PASS
M8_Interaction_Events	dragging_airplane'	PASS
M8_Interaction_Events	timeout'	PASS
M8_Interaction_Events	blockedTime'	PASS
M8_Interaction_Events	landing_sequence'	PASS
M8_Interaction_Events	selectedAirplane'	PASS
M8_Interaction_Events	new_landing_sequence	PASS
M8_Interaction_Events	passed_minute	PASS
M8_Interaction_Events	time	PASS
M8_Interaction_Events	aircraft	PASS
M8_Interaction_Events	airplane	PASS
M8_Interaction_Events	targetZoom	PASS
M8_Interaction_Events	target_zoom	PASS
M9_Mouse_Ctx	AIRPLANES	PASS
M9_Mouse_Ctx	AIRCRAFT_SEPARATION_MIN	PASS
M9_Mouse_Ctx	DIST	PASS
M9_Mouse_Ctx	PLANNING_HORIZON	PASS
M9_Mouse_Ctx	PLANNING_INTERVAL	PASS
M9_Mouse_Ctx	MAX_ZOOM	PASS
M9_Mouse_Ctx	ZOOM_LEVELS	PASS
M9_Mouse_Ctx	MIN_ZOOM	PASS
M9_Mouse_Ctx	mouse_positions	PASS
M9_Mouse_Ctx	hold_button_pos	PASS
M9_Mouse_Ctx	airplane_pos	PASS
M9_Mouse_Ctx	block_time_pos	PASS
M9_Mouse_Ctx	nothing_pos	PASS
M9_Mouse_Ctx	zoom_slider_pos	PASS
M9_Mouse_prob_mc_Ctx	AIRPLANES	PASS
M9_Mouse_prob_mc_Ctx	AIRCRAFT_SEPARATION_MIN	PASS
M9_Mouse_prob_mc_Ctx	DIST	PASS
M9_Mouse_prob_mc_Ctx	PLANNING_HORIZON	PASS
M9_Mouse_prob_mc_Ctx	PLANNING_INTERVAL	PASS
M9_Mouse_prob_mc_Ctx	MAX_ZOOM	PASS
M9_Mouse_prob_mc_Ctx	ZOOM_LEVELS	PASS
M9_Mouse_prob_mc_Ctx	MIN_ZOOM	PASS
M9_Mouse_prob_mc_Ctx	mouse_positions	PASS
M9_Mouse_prob_mc_Ctx	hold_button_pos	PASS
M9_Mouse_prob_mc_Ctx	airplane_pos	PASS
M9_Mouse_prob_mc_Ctx	block_time_pos	PASS
M9_Mouse_prob_mc_Ctx	nothing_pos	PASS
M9_Mouse_prob_mc_Ctx	zoom_slider_pos	PASS
M9_Push_Mouse_Button_prob_mc	AIRPLANES	PASS
M9_Push_Mouse_Button_prob_mc	AIRCRAFT_SEPARATION_MIN	PASS
M9_Push_Mouse_Button_prob_mc	DIST	PASS
M9_Push_Mouse_Button_prob_mc	PLANNING_HORIZON	PASS
M9_Push_Mouse_Button_prob_mc	PLANNING_INTERVAL	PASS
M9_Push_Mouse_Button_prob_mc	MAX_ZOOM	PASS
M9_Push_Mouse_Button_prob_mc	ZOOM_LEVELS	PASS
M9_Push_Mouse_Button_prob_mc	MIN_ZOOM	PASS
M9_Push_Mouse_Button_prob_mc	mouse_positions	PASS
M9_Push_Mouse_Button_prob_mc	hold_button_pos	PASS
M9_Push_Mouse_Button_prob_mc	airplane_pos	PASS
M9_Push_Mouse_Button_prob_mc	block_time_pos	PASS
M9_Push_Mouse_Button_prob_mc	nothing_pos	PASS
M9_Push_Mouse_Button_prob_mc	zoom_slider_pos	PASS
M9_Push_Mouse_Button_prob_mc	blockedTime	PASS
M9_Push_Mouse_Button_prob_mc	selectedAirplane	PASS
M9_Push_Mouse_Button_prob_mc	zoomLevel	PASS
M9_Push_Mouse_Button_prob_mc	isClickedBlock	PASS
M9_Push_Mouse_Button_prob_mc	clickStartPosition	PASS
M9_Push_Mouse_Button_prob_mc	dragged_airplane	PASS
M9_Push_Mouse_Button_prob_mc	mousePositionZoomSlider	PASS
M9_Push_Mouse_Button_prob_mc	timeout	PASS
M9_Push_Mouse_Button_prob_mc	dragged_zoom_level	PASS
M9_Push_Mouse_Button_prob_mc	currentMousePosition	PASS
M9_Push_Mouse_Button_prob_mc	dragging_airplane	PASS
M9_Push_Mouse_Button_prob_mc	scheduledAirplanes	PASS
M9_Push_Mouse_Button_prob_mc	held_airplanes	PASS
M9_Push_Mouse_Button_prob_mc	mousePositionAirplane	PASS
M9_Push_Mouse_Button_prob_mc	landing_sequence	PASS
M9_Push_Mouse_Button_prob_mc	mousePositionBlockSlot	PASS
M9_Push_Mouse_Button_prob_mc	held_airplanes'	PASS
M9_Push_Mouse_Button_prob_mc	clickStartPosition'	PASS
M9_Push_Mouse_Button_prob_mc	isClickedBlock'	PASS
M9_Push_Mouse_Button_prob_mc	currentMousePosition'	PASS
M9_Push_Mouse_Button_prob_mc	dragged_airplane'	PASS
M9_Push_Mouse_Button_prob_mc	mousePositionAirplane'	PASS
M9_Push_Mouse_Button_prob_mc	zoomLevel'	PASS
M9_Push_Mouse_Button_prob_mc	dragged_zoom_level'	PASS
M9_Push_Mouse_Button_prob_mc	timeout'	PASS
M9_Push_Mouse_Button_prob_mc	blockedTime'	PASS
M9_Push_Mouse_Button_prob_mc	mousePositionZoomSlider'	PASS
M9_Push_Mouse_Button_prob_mc	mousePositionBlockSlot'	PASS
M9_Push_Mouse_Button_prob_mc	landing_sequence'	PASS
M9_Push_Mouse_Button_prob_mc	selectedAirplane'	PASS
M9_Push_Mouse_Button_prob_mc	target_zoom	PASS
M9_Push_Mouse_Button_prob_mc	zoom	PASS
M9_Push_Mouse_Button_prob_mc	block	PASS
M9_Push_Mouse_Button_prob_mc	airplane	PASS
M9_Push_Mouse_Button_prob_mc	new_landing_sequence	PASS
M9_Push_Mouse_Button_prob_mc	passed_minute	PASS
M9_Push_Mouse_Button_prob_mc	time	PASS
M9_Push_Mouse_Button_prob_mc	aircraft	PASS
M9_Push_Mouse_Button_prob_mc	targetZoom	PASS
M9_Push_Mouse_Buttons	AIRPLANES	PASS
M9_Push_Mouse_Buttons	AIRCRAFT_SEPARATION_MIN	PASS
M9_Push_Mouse_Buttons	DIST	PASS
M9_Push_Mouse_Buttons	PLANNING_HORIZON	PASS
M9_Push_Mouse_Buttons	PLANNING_INTERVAL	PASS
M9_Push_Mouse_Buttons	MAX_ZOOM	PASS
M9_Push_Mouse_Buttons	ZOOM_LEVELS	PASS
M9_Push_Mouse_Buttons	MIN_ZOOM	PASS
M9_Push_Mouse_Buttons	mouse_positions	PASS
M9_Push_Mouse_Buttons	hold_button_pos	PASS
M9_Push_Mouse_Buttons	airplane_pos	PASS
M9_Push_Mouse_Buttons	block_time_pos	PASS
M9_Push_Mouse_Buttons	nothing_pos	PASS
M9_Push_Mouse_Buttons	zoom_slider_pos	PASS
M9_Push_Mouse_Buttons	blockedTime	PASS
M9_Push_Mouse_Buttons	selectedAirplane	PASS
M9_Push_Mouse_Buttons	zoomLevel	PASS
M9_Push_Mouse_Buttons	isClickedBlock	PASS
M9_Push_Mouse_Buttons	clickStartPosition	PASS
M9_Push_Mouse_Buttons	dragged_airplane	PASS
M9_Push_Mouse_Buttons	mousePositionZoomSlider	PASS
M9_Push_Mouse_Buttons	timeout	PASS
M9_Push_Mouse_Buttons	dragged_zoom_level	PASS
M9_Push_Mouse_Buttons	currentMousePosition	PASS
M9_Push_Mouse_Buttons	dragging_airplane	PASS
M9_Push_Mouse_Buttons	scheduledAirplanes	PASS
M9_Push_Mouse_Buttons	held_airplanes	PASS
M9_Push_Mouse_Buttons	mousePositionAirplane	PASS
M9_Push_Mouse_Buttons	landing_sequence	PASS
M9_Push_Mouse_Buttons	mousePositionBlockSlot	PASS
M9_Push_Mouse_Buttons	held_airplanes'	PASS
M9_Push_Mouse_Buttons	clickStartPosition'	PASS
M9_Push_Mouse_Buttons	isClickedBlock'	PASS
M9_Push_Mouse_Buttons	currentMousePosition'	PASS
M9_Push_Mouse_Buttons	dragged_airplane'	PASS
M9_Push_Mouse_Buttons	mousePositionAirplane'	PASS
M9_Push_Mouse_Buttons	zoomLevel'	PASS
M9_Push_Mouse_Buttons	dragged_zoom_level'	PASS
M9_Push_Mouse_Buttons	timeout'	PASS
M9_Push_Mouse_Buttons	blockedTime'	PASS
M9_Push_Mouse_Buttons	mousePositionZoomSlider'	PASS
M9_Push_Mouse_Buttons	mousePositionBlockSlot'	PASS
M9_Push_Mouse_Buttons	landing_sequence'	PASS
M9_Push_Mouse_Buttons	selectedAirplane'	PASS
M9_Push_Mouse_Buttons	target_zoom	PASS
M9_Push_Mouse_Buttons	zoom	PASS
M9_Push_Mouse_Buttons	block	PASS
M9_Push_Mouse_Buttons	airplane	PASS
M9_Push_Mouse_Buttons	new_landing_sequence	PASS
M9_Push_Mouse_Buttons	passed_minute	PASS
M9_Push_Mouse_Buttons	time	PASS
M9_Push_Mouse_Buttons	aircraft	PASS
M9_Push_Mouse_Buttons	targetZoom	PASS
MAbs	AIRPLANES	PASS
MAbs	AIRCRAFT_SEPARATION_MIN	PASS
MAbs	DIST	PASS
MAbs	PLANNING_HORIZON	PASS
MAbs	PLANNING_INTERVAL	PASS
MAbs	MAX_ZOOM	PASS
MAbs	ZOOM_LEVELS	PASS
MAbs	MIN_ZOOM	PASS
MAbs	mouse_positions	PASS
MAbs	hold_button_pos	PASS
MAbs	airplane_pos	PASS
MAbs	block_time_pos	PASS
MAbs	nothing_pos	PASS
MAbs	zoom_slider_pos	PASS
MAbs	abstract_blocks	PASS
MAbs	abstract_mousePositionBlockSlot	PASS
MAbs	zoomLevel	PASS
MAbs	clickStartPosition	PASS
MAbs	abstract_mousePositionAirplane	PASS
MAbs	abstract_selectedAirplane	PASS
MAbs	mousePositionZoomSlider	PASS
MAbs	abstract_blockedTime	PASS
MAbs	timeout	PASS
MAbs	dragged_zoom_level	PASS
MAbs	currentMousePosition	PASS
MAbs	abstract_isClickedBlock	PASS
MAbs	scheduledAirplanes	PASS
MAbs	held_airplanes	PASS
MAbs	abstract_dragged_airplane	PASS
MAbs	held_airplanes'	PASS
MAbs	clickStartPosition'	PASS
MAbs	scheduledAirplanes'	PASS
MAbs	currentMousePosition'	PASS
MAbs	abstract_mousePositionAirplane'	PASS
MAbs	abstract_selectedAirplane'	PASS
MAbs	abstract_isClickedBlock'	PASS
MAbs	zoomLevel'	PASS
MAbs	dragged_zoom_level'	PASS
MAbs	timeout'	PASS
MAbs	abstract_blockedTime'	PASS
MAbs	abstract_dragged_airplane'	PASS
MAbs	mousePositionZoomSlider'	PASS
MAbs	abstract_mousePositionBlockSlot'	PASS
MAbs	target_zoom	PASS
MAbs	zoom	PASS
MAbs	abstract_block	PASS
MAbs	airplane	PASS
MAbs	new_abstract_blockedTime	PASS
MAbs	new_scheduledAirplanes	PASS
MAbs	aircraft	PASS
MAbs	targetZoom	PASS
MAbs	new_abstract_selectedAirplane	PASS
MAbs	abstract_airplane	PASS
MAbs_Ctx	AIRPLANES	PASS
MAbs_Ctx	AIRCRAFT_SEPARATION_MIN	PASS
MAbs_Ctx	DIST	PASS
MAbs_Ctx	PLANNING_HORIZON	PASS
MAbs_Ctx	PLANNING_INTERVAL	PASS
MAbs_Ctx	MAX_ZOOM	PASS
MAbs_Ctx	ZOOM_LEVELS	PASS
MAbs_Ctx	MIN_ZOOM	PASS
MAbs_Ctx	mouse_positions	PASS
MAbs_Ctx	hold_button_pos	PASS
MAbs_Ctx	airplane_pos	PASS
MAbs_Ctx	block_time_pos	PASS
MAbs_Ctx	nothing_pos	PASS
MAbs_Ctx	zoom_slider_pos	PASS
MAbs_Ctx	abstract_blocks	PASS
MAbs_helper	AIRPLANES	PASS
MAbs_helper	AIRCRAFT_SEPARATION_MIN	PASS
MAbs_helper	DIST	PASS
MAbs_helper	PLANNING_HORIZON	PASS
MAbs_helper	PLANNING_INTERVAL	PASS
MAbs_helper	MAX_ZOOM	PASS
MAbs_helper	ZOOM_LEVELS	PASS
MAbs_helper	MIN_ZOOM	PASS
MAbs_helper	mouse_positions	PASS
MAbs_helper	hold_button_pos	PASS
MAbs_helper	airplane_pos	PASS
MAbs_helper	block_time_pos	PASS
MAbs_helper	nothing_pos	PASS
MAbs_helper	zoom_slider_pos	PASS
MAbs_helper	abstract_blocks	PASS
MAbs_helper	abstract_block_mapping	PASS
MAbs_helper	blockedTime	PASS
MAbs_helper	selectedAirplane	PASS
MAbs_helper	abstract_mousePositionBlockSlot	PASS
MAbs_helper	zoomLevel	PASS
MAbs_helper	isClickedBlock	PASS
MAbs_helper	clickStartPosition	PASS
MAbs_helper	abstract_mousePositionAirplane	PASS
MAbs_helper	abstract_selectedAirplane	PASS
MAbs_helper	dragged_airplane	PASS
MAbs_helper	mousePositionZoomSlider	PASS
MAbs_helper	abstract_blockedTime	PASS
MAbs_helper	timeout	PASS
MAbs_helper	dragged_zoom_level	PASS
MAbs_helper	currentMousePosition	PASS
MAbs_helper	abstract_isClickedBlock	PASS
MAbs_helper	scheduledAirplanes	PASS
MAbs_helper	held_airplanes	PASS
MAbs_helper	mousePositionAirplane	PASS
MAbs_helper	abstract_dragged_airplane	PASS
MAbs_helper	landing_sequence	PASS
MAbs_helper	mousePositionBlockSlot	PASS
MAbs_helper	held_airplanes'	PASS
MAbs_helper	clickStartPosition'	PASS
MAbs_helper	isClickedBlock'	PASS
MAbs_helper	scheduledAirplanes'	PASS
MAbs_helper	currentMousePosition'	PASS
MAbs_helper	abstract_mousePositionAirplane'	PASS
MAbs_helper	dragged_airplane'	PASS
MAbs_helper	abstract_selectedAirplane'	PASS
MAbs_helper	abstract_isClickedBlock'	PASS
MAbs_helper	mousePositionAirplane'	PASS
MAbs_helper	zoomLevel'	PASS
MAbs_helper	dragged_zoom_level'	PASS
MAbs_helper	timeout'	PASS
MAbs_helper	abstract_blockedTime'	PASS
MAbs_helper	blockedTime'	PASS
MAbs_helper	mousePositionZoomSlider'	PASS
MAbs_helper	abstract_dragged_airplane'	PASS
MAbs_helper	abstract_mousePositionBlockSlot'	PASS
MAbs_helper	mousePositionBlockSlot'	PASS
MAbs_helper	landing_sequence'	PASS
MAbs_helper	selectedAirplane'	PASS
MAbs_helper	target_zoom	PASS
MAbs_helper	zoom	PASS
MAbs_helper	abstract_block	PASS
MAbs_helper	new_block	PASS
MAbs_helper	airplane	PASS
MAbs_helper	new_abstract_blockedTime	PASS
MAbs_helper	new_landing_sequence	PASS
MAbs_helper	passed_minute	PASS
MAbs_helper	new_scheduledAirplanes	PASS
MAbs_helper	time	PASS
MAbs_helper	aircraft	PASS
MAbs_helper	targetZoom	PASS
MAbs_helper	new_abstract_selectedAirplane	PASS
MAbs_helper	abstract_airplane	PASS
MAbs_helper_Ctx	AIRPLANES	PASS
MAbs_helper_Ctx	AIRCRAFT_SEPARATION_MIN	PASS
MAbs_helper_Ctx	DIST	PASS
MAbs_helper_Ctx	PLANNING_HORIZON	PASS
MAbs_helper_Ctx	PLANNING_INTERVAL	PASS
MAbs_helper_Ctx	MAX_ZOOM	PASS
MAbs_helper_Ctx	ZOOM_LEVELS	PASS
MAbs_helper_Ctx	MIN_ZOOM	PASS
MAbs_helper_Ctx	mouse_positions	PASS
MAbs_helper_Ctx	hold_button_pos	PASS
MAbs_helper_Ctx	airplane_pos	PASS
MAbs_helper_Ctx	block_time_pos	PASS
MAbs_helper_Ctx	nothing_pos	PASS
MAbs_helper_Ctx	zoom_slider_pos	PASS
MAbs_helper_Ctx	abstract_blocks	PASS
MAbs_helper_Ctx	abstract_block_mapping	PASS
MAbs_prob_mc	AIRPLANES	PASS
MAbs_prob_mc	AIRCRAFT_SEPARATION_MIN	PASS
MAbs_prob_mc	DIST	PASS
MAbs_prob_mc	PLANNING_HORIZON	PASS
MAbs_prob_mc	PLANNING_INTERVAL	PASS
MAbs_prob_mc	MAX_ZOOM	PASS
MAbs_prob_mc	ZOOM_LEVELS	PASS
MAbs_prob_mc	MIN_ZOOM	PASS
MAbs_prob_mc	mouse_positions	PASS
MAbs_prob_mc	hold_button_pos	PASS
MAbs_prob_mc	airplane_pos	PASS
MAbs_prob_mc	block_time_pos	PASS
MAbs_prob_mc	nothing_pos	PASS
MAbs_prob_mc	zoom_slider_pos	PASS
MAbs_prob_mc	abstract_blocks	PASS
MAbs_prob_mc	abstract_mousePositionBlockSlot	PASS
MAbs_prob_mc	zoomLevel	PASS
MAbs_prob_mc	clickStartPosition	PASS
MAbs_prob_mc	abstract_mousePositionAirplane	PASS
MAbs_prob_mc	abstract_selectedAirplane	PASS
MAbs_prob_mc	mousePositionZoomSlider	PASS
MAbs_prob_mc	abstract_blockedTime	PASS
MAbs_prob_mc	timeout	PASS
MAbs_prob_mc	dragged_zoom_level	PASS
MAbs_prob_mc	currentMousePosition	PASS
MAbs_prob_mc	abstract_isClickedBlock	PASS
MAbs_prob_mc	scheduledAirplanes	PASS
MAbs_prob_mc	held_airplanes	PASS
MAbs_prob_mc	abstract_dragged_airplane	PASS
MAbs_prob_mc	held_airplanes'	PASS
MAbs_prob_mc	clickStartPosition'	PASS
MAbs_prob_mc	scheduledAirplanes'	PASS
MAbs_prob_mc	currentMousePosition'	PASS
MAbs_prob_mc	abstract_mousePositionAirplane'	PASS
MAbs_prob_mc	abstract_selectedAirplane'	PASS
MAbs_prob_mc	abstract_isClickedBlock'	PASS
MAbs_prob_mc	zoomLevel'	PASS
MAbs_prob_mc	dragged_zoom_level'	PASS
MAbs_prob_mc	timeout'	PASS
MAbs_prob_mc	abstract_blockedTime'	PASS
MAbs_prob_mc	abstract_dragged_airplane'	PASS
MAbs_prob_mc	mousePositionZoomSlider'	PASS
MAbs_prob_mc	abstract_mousePositionBlockSlot'	PASS
MAbs_prob_mc	target_zoom	PASS
MAbs_prob_mc	zoom	PASS
MAbs_prob_mc	abstract_block	PASS
MAbs_prob_mc	airplane	PASS
MAbs_prob_mc	new_abstract_blockedTime	PASS
MAbs_prob_mc	new_scheduledAirplanes	PASS
MAbs_prob_mc	aircraft	PASS
MAbs_prob_mc	targetZoom	PASS
MAbs_prob_mc	new_abstract_selectedAirplane	PASS
MAbs_prob_mc	abstract_airplane	PASS
MAbs_prob_mc_Ctx	AIRPLANES	PASS
MAbs_prob_mc_Ctx	AIRCRAFT_SEPARATION_MIN	PASS
MAbs_prob_mc_Ctx	DIST	PASS
MAbs_prob_mc_Ctx	PLANNING_HORIZON	PASS
MAbs_prob_mc_Ctx	PLANNING_INTERVAL	PASS
MAbs_prob_mc_Ctx	MAX_ZOOM	PASS
MAbs_prob_mc_Ctx	ZOOM_LEVELS	PASS
MAbs_prob_mc_Ctx	MIN_ZOOM	PASS
MAbs_prob_mc_Ctx	mouse_positions	PASS
MAbs_prob_mc_Ctx	hold_button_pos	PASS
MAbs_prob_mc_Ctx	airplane_pos	PASS
MAbs_prob_mc_Ctx	block_time_pos	PASS
MAbs_prob_mc_Ctx	nothing_pos	PASS
MAbs_prob_mc_Ctx	zoom_slider_pos	PASS
MAbs_prob_mc_Ctx	abstract_blocks	PASS
ENV_C-1	TRAIN	PASS
ENV_M-1	TRAIN	PASS
ENV_M-1	next_train	PASS
ENV_M-1	train	PASS
ENV_M-1	train'	PASS
ENV_M-1	next_train'	PASS
ENV_M-1	last_train	PASS
ENV_M-1	tr	PASS
ENV_M-1	tr0	PASS
ENV_M-1	following_train	PASS
Env_C0	TRAIN	PASS
Env_C0	VSS	PASS
Env_C0	Fst_VSS	PASS
Env_C0	Lst_VSS	PASS
Env_C0	Max_VSS_i	PASS
Env_C0	Next_VSS	PASS
Env_C0	VSS_i	PASS
Env_C1	TRAIN	PASS
Env_C1	VSS	PASS
Env_C1	Fst_VSS	PASS
Env_C1	Lst_VSS	PASS
Env_C1	Max_VSS_i	PASS
Env_C1	Next_VSS	PASS
Env_C1	VSS_i	PASS
Env_C1	TTD	PASS
Env_C1	Fst_TTD	PASS
Env_C1	Lst_TTD	PASS
Env_C1	Next_TTD	PASS
Env_C1	Sections	PASS
Env_C3	TRAIN	PASS
Env_C3	VSS	PASS
Env_C3	Fst_VSS	PASS
Env_C3	Lst_VSS	PASS
Env_C3	Max_VSS_i	PASS
Env_C3	Next_VSS	PASS
Env_C3	VSS_i	PASS
Env_C3	TTD	PASS
Env_C3	Fst_TTD	PASS
Env_C3	Lst_TTD	PASS
Env_C3	Next_TTD	PASS
Env_C3	Sections	PASS
Env_M0	TRAIN	PASS
Env_M0	VSS	PASS
Env_M0	Fst_VSS	PASS
Env_M0	Lst_VSS	PASS
Env_M0	Max_VSS_i	PASS
Env_M0	Next_VSS	PASS
Env_M0	VSS_i	PASS
Env_M0	next_train	PASS
Env_M0	occupiedBy	PASS
Env_M0	train	PASS
Env_M0	train'	PASS
Env_M0	next_train'	PASS
Env_M0	occupiedBy'	PASS
Env_M0	last_train	PASS
Env_M0	tr	PASS
Env_M0	vss	PASS
Env_M0	tr0	PASS
Env_M0	front0	PASS
Env_M0	rear0	PASS
Env_M0	following_train	PASS
Env_M0	rear	PASS
Env_M0	vss_set	PASS
Env_M0	front	PASS
Env_M0	vss_set0	PASS
Env_M1	TRAIN	PASS
Env_M1	VSS	PASS
Env_M1	Fst_VSS	PASS
Env_M1	Lst_VSS	PASS
Env_M1	Max_VSS_i	PASS
Env_M1	Next_VSS	PASS
Env_M1	VSS_i	PASS
Env_M1	connected	PASS
Env_M1	ghost	PASS
Env_M1	next_train	PASS
Env_M1	occupiedBy	PASS
Env_M1	train	PASS
Env_M1	ghost'	PASS
Env_M1	connected'	PASS
Env_M1	train'	PASS
Env_M1	next_train'	PASS
Env_M1	occupiedBy'	PASS
Env_M1	tr	PASS
Env_M1	vss	PASS
Env_M1	tr0	PASS
Env_M1	front0	PASS
Env_M1	rear0	PASS
Env_M1	following_train	PASS
Env_M1	rear	PASS
Env_M1	vss_set	PASS
Env_M1	front	PASS
Env_M1	vss_set0	PASS
Env_M1	last_train	PASS
Env_M2	TRAIN	PASS
Env_M2	VSS	PASS
Env_M2	Fst_VSS	PASS
Env_M2	Lst_VSS	PASS
Env_M2	Max_VSS_i	PASS
Env_M2	Next_VSS	PASS
Env_M2	VSS_i	PASS
Env_M2	TTD	PASS
Env_M2	Fst_TTD	PASS
Env_M2	Lst_TTD	PASS
Env_M2	Next_TTD	PASS
Env_M2	Sections	PASS
Env_M2	connected	PASS
Env_M2	ghost	PASS
Env_M2	next_train	PASS
Env_M2	occupiedBy	PASS
Env_M2	occupiedTTD	PASS
Env_M2	train	PASS
Env_M2	ghost'	PASS
Env_M2	connected'	PASS
Env_M2	train'	PASS
Env_M2	next_train'	PASS
Env_M2	occupiedBy'	PASS
Env_M2	occupiedTTD'	PASS
Env_M2	tr	PASS
Env_M2	vss	PASS
Env_M2	tr0	PASS
Env_M2	front0	PASS
Env_M2	rear0	PASS
Env_M2	following_train	PASS
Env_M2	rear	PASS
Env_M2	vss_set	PASS
Env_M2	front	PASS
Env_M2	vss_set0	PASS
Env_M2	last_train	PASS
Env_M2	ttd	PASS
Env_M3	TRAIN	PASS
Env_M3	VSS	PASS
Env_M3	Fst_VSS	PASS
Env_M3	Lst_VSS	PASS
Env_M3	Max_VSS_i	PASS
Env_M3	Next_VSS	PASS
Env_M3	VSS_i	PASS
Env_M3	TTD	PASS
Env_M3	Fst_TTD	PASS
Env_M3	Lst_TTD	PASS
Env_M3	Next_TTD	PASS
Env_M3	Sections	PASS
Env_M3	connected	PASS
Env_M3	ghost	PASS
Env_M3	inMission	PASS
Env_M3	ma	PASS
Env_M3	next_train	PASS
Env_M3	noMission	PASS
Env_M3	occupiedBy	PASS
Env_M3	occupiedTTD	PASS
Env_M3	train	PASS
Env_M3	unsafe	PASS
Env_M3	inMission'	PASS
Env_M3	ghost'	PASS
Env_M3	connected'	PASS
Env_M3	train'	PASS
Env_M3	next_train'	PASS
Env_M3	ma'	PASS
Env_M3	unsafe'	PASS
Env_M3	noMission'	PASS
Env_M3	occupiedBy'	PASS
Env_M3	occupiedTTD'	PASS
Env_M3	tr	PASS
Env_M3	vss	PASS
Env_M3	tr0	PASS
Env_M3	front0	PASS
Env_M3	rear0	PASS
Env_M3	following_train	PASS
Env_M3	rear	PASS
Env_M3	vss_set	PASS
Env_M3	front	PASS
Env_M3	vss_set0	PASS
Env_M3	last_train	PASS
Env_M3	ttd	PASS
ProB_Ctxt	TRAIN	PASS
ProB_Ctxt	VSS	PASS
ProB_Ctxt	Fst_VSS	PASS
ProB_Ctxt	Lst_VSS	PASS
ProB_Ctxt	Max_VSS_i	PASS
ProB_Ctxt	Next_VSS	PASS
ProB_Ctxt	VSS_i	PASS
ProB_Ctxt	TTD	PASS
ProB_Ctxt	Fst_TTD	PASS
ProB_Ctxt	Lst_TTD	PASS
ProB_Ctxt	Next_TTD	PASS
ProB_Ctxt	Sections	PASS
ProB_Ctxt	TTD10	PASS
ProB_Ctxt	TTD20	PASS
ProB_Ctxt	TTD30	PASS
ProB_Ctxt	VSS11	PASS
ProB_Ctxt	VSS12	PASS
ProB_Ctxt	VSS21	PASS
ProB_Ctxt	VSS22	PASS
ProB_Ctxt	VSS23	PASS
ProB_Ctxt	VSS31	PASS
ProB_Ctxt	VSS32	PASS
ProB_Ctxt	VSS33	PASS
VBD_M4	TRAIN	PASS
VBD_M4	VSS	PASS
VBD_M4	Fst_VSS	PASS
VBD_M4	Lst_VSS	PASS
VBD_M4	Max_VSS_i	PASS
VBD_M4	Next_VSS	PASS
VBD_M4	VSS_i	PASS
VBD_M4	TTD	PASS
VBD_M4	Fst_TTD	PASS
VBD_M4	Lst_TTD	PASS
VBD_M4	Next_TTD	PASS
VBD_M4	Sections	PASS
VBD_M4	connected	PASS
VBD_M4	disconnectPropagationTimerExpired	PASS
VBD_M4	ghost	PASS
VBD_M4	inMission	PASS
VBD_M4	ma	PASS
VBD_M4	muteTimerExpired	PASS
VBD_M4	next_train	PASS
VBD_M4	noMission	PASS
VBD_M4	occupiedBy	PASS
VBD_M4	occupiedTTD	PASS
VBD_M4	reportedPosition	PASS
VBD_M4	train	PASS
VBD_M4	unsafe	PASS
VBD_M4	inMission'	PASS
VBD_M4	ghost'	PASS
VBD_M4	disconnectPropagationTimerExpired'	PASS
VBD_M4	connected'	PASS
VBD_M4	train'	PASS
VBD_M4	next_train'	PASS
VBD_M4	ma'	PASS
VBD_M4	unsafe'	PASS
VBD_M4	muteTimerExpired'	PASS
VBD_M4	noMission'	PASS
VBD_M4	occupiedBy'	PASS
VBD_M4	reportedPosition'	PASS
VBD_M4	occupiedTTD'	PASS
VBD_M4	tr	PASS
VBD_M4	vss	PASS
VBD_M4	tr0	PASS
VBD_M4	front0	PASS
VBD_M4	rear0	PASS
VBD_M4	following_train	PASS
VBD_M4	rear	PASS
VBD_M4	vss_set	PASS
VBD_M4	front	PASS
VBD_M4	vss_set0	PASS
VBD_M4	last_train	PASS
VBD_M4	ttd	PASS
VBD_M4	pos	PASS
VBD_M4	pos0	PASS
VBD_M5	TRAIN	PASS
VBD_M5	VSS	PASS
VBD_M5	Fst_VSS	PASS
VBD_M5	Lst_VSS	PASS
VBD_M5	Max_VSS_i	PASS
VBD_M5	Next_VSS	PASS
VBD_M5	VSS_i	PASS
VBD_M5	TTD	PASS
VBD_M5	Fst_TTD	PASS
VBD_M5	Lst_TTD	PASS
VBD_M5	Next_TTD	PASS
VBD_M5	Sections	PASS
VBD_M5	availableVSS	PASS
VBD_M5	connected	PASS
VBD_M5	controlled	PASS
VBD_M5	disconnectPropagationTimerExpired	PASS
VBD_M5	ghost	PASS
VBD_M5	inMission	PASS
VBD_M5	ma	PASS
VBD_M5	muteTimerExpired	PASS
VBD_M5	next_train	PASS
VBD_M5	noMission	PASS
VBD_M5	occupiedBy	PASS
VBD_M5	occupiedTTD	PASS
VBD_M5	reportedPosition	PASS
VBD_M5	train	PASS
VBD_M5	trusted	PASS
VBD_M5	unsafe	PASS
VBD_M5	inMission'	PASS
VBD_M5	controlled'	PASS
VBD_M5	ghost'	PASS
VBD_M5	disconnectPropagationTimerExpired'	PASS
VBD_M5	connected'	PASS
VBD_M5	trusted'	PASS
VBD_M5	train'	PASS
VBD_M5	next_train'	PASS
VBD_M5	ma'	PASS
VBD_M5	availableVSS'	PASS
VBD_M5	unsafe'	PASS
VBD_M5	muteTimerExpired'	PASS
VBD_M5	noMission'	PASS
VBD_M5	occupiedBy'	PASS
VBD_M5	reportedPosition'	PASS
VBD_M5	occupiedTTD'	PASS
VBD_M5	tr	PASS
VBD_M5	vss	PASS
VBD_M5	tr0	PASS
VBD_M5	front0	PASS
VBD_M5	rear0	PASS
VBD_M5	following_train	PASS
VBD_M5	rear	PASS
VBD_M5	vss_set	PASS
VBD_M5	front	PASS
VBD_M5	vss_set0	PASS
VBD_M5	last_train	PASS
VBD_M5	ttd	PASS
VBD_M5	pos	PASS
VBD_M5	pos0	PASS
VBD_M6	TRAIN	PASS
VBD_M6	VSS	PASS
VBD_M6	Fst_VSS	PASS
VBD_M6	Lst_VSS	PASS
VBD_M6	Max_VSS_i	PASS
VBD_M6	Next_VSS	PASS
VBD_M6	VSS_i	PASS
VBD_M6	TTD	PASS
VBD_M6	Fst_TTD	PASS
VBD_M6	Lst_TTD	PASS
VBD_M6	Next_TTD	PASS
VBD_M6	Sections	PASS
VBD_M6	availableVSS	PASS
VBD_M6	connected	PASS
VBD_M6	controlled	PASS
VBD_M6	disconnectPropagationTimerExpired	PASS
VBD_M6	ghost	PASS
VBD_M6	inMission	PASS
VBD_M6	integral	PASS
VBD_M6	ma	PASS
VBD_M6	muteTimerExpired	PASS
VBD_M6	next_train	PASS
VBD_M6	noMission	PASS
VBD_M6	nonIntegral	PASS
VBD_M6	occupiedBy	PASS
VBD_M6	occupiedTTD	PASS
VBD_M6	reportedPosition	PASS
VBD_M6	train	PASS
VBD_M6	trusted	PASS
VBD_M6	unsafe	PASS
VBD_M6	inMission'	PASS
VBD_M6	controlled'	PASS
VBD_M6	ghost'	PASS
VBD_M6	disconnectPropagationTimerExpired'	PASS
VBD_M6	connected'	PASS
VBD_M6	trusted'	PASS
VBD_M6	train'	PASS
VBD_M6	next_train'	PASS
VBD_M6	nonIntegral'	PASS
VBD_M6	ma'	PASS
VBD_M6	availableVSS'	PASS
VBD_M6	unsafe'	PASS
VBD_M6	muteTimerExpired'	PASS
VBD_M6	noMission'	PASS
VBD_M6	integral'	PASS
VBD_M6	occupiedBy'	PASS
VBD_M6	reportedPosition'	PASS
VBD_M6	occupiedTTD'	PASS
VBD_M6	tr	PASS
VBD_M6	vss	PASS
VBD_M6	tr0	PASS
VBD_M6	front0	PASS
VBD_M6	rear0	PASS
VBD_M6	following_train	PASS
VBD_M6	rear	PASS
VBD_M6	vss_set	PASS
VBD_M6	front	PASS
VBD_M6	vss_set0	PASS
VBD_M6	last_train	PASS
VBD_M6	ttd	PASS
VBD_M6	pos	PASS
VBD_M6	pos0	PASS
